region,year,season,n_acq,window_h,partial,med_gap_h,p90_gap_h,drift_pairs,n_S1A,n_S1B,n_S1C,n_S1D,O6,O12,O24,O48,O72,O168,O24_lab,O12_lab,per
AKcorr_1,2016,winter,4,2184.0,0,288.0,1209.61,0,4,0,0,0,0.0,0.0,0.0,0.0,0.0,0.0,not met,not met,2016-18
AKcorr_1,2016,melt,3,2928.0,0,534.55,924.01,1,1,2,0,0,0.0,0.0,0.0,0.0163,0.0163,0.0163,not met,not met,2016-18
AKcorr_1,2016,freeze-up,16,2208.0,0,120.14,215.59,3,0,16,0,0,0.0,0.0,0.0,0.0216,0.077,0.5822,not met,not met,2016-18
AKcorr_1,2017,winter,34,2160.0,0,59.03,106.76,27,6,28,0,0,0.0,0.0,0.0924,0.1653,0.3662,0.9395,not met,not met,2016-18
AKcorr_1,2017,melt,21,2928.0,0,144.0,167.86,0,21,0,0,0,0.0,0.0,0.0,0.0,0.0,0.9836,not met,not met,2016-18
AKcorr_1,2017,freeze-up,15,2208.0,0,144.0,167.86,0,15,0,0,0,0.0,0.0,0.0,0.0,0.0,0.9131,not met,not met,2016-18
AKcorr_1,2018,winter,15,2160.0,0,144.0,167.86,0,15,0,0,0,0.0,0.0,0.0,0.0,0.0,0.9333,not met,not met,2016-18
AKcorr_1,2018,melt,28,2928.0,0,72.4,167.86,8,28,0,0,0,0.0,0.0,0.0,0.1304,0.1304,0.91,not met,not met,2016-18
AKcorr_1,2018,freeze-up,22,2208.0,0,72.4,167.86,6,22,0,0,0,0.0,0.0,0.0,0.1297,0.1297,0.8698,not met,not met,2016-18
AKcorr_1,2019,winter,22,2160.0,0,72.4,167.86,7,22,0,0,0,0.0,0.0,0.0,0.1547,0.1547,0.9333,not met,not met,pre19-21
AKcorr_1,2019,melt,31,2928.0,0,72.4,167.86,10,31,0,0,0,0.0,0.0,0.0,0.163,0.163,0.9836,not met,not met,pre19-21
AKcorr_1,2019,freeze-up,21,2208.0,0,72.4,167.86,7,21,0,0,0,0.0,0.0,0.0,0.1513,0.1513,0.8042,not met,not met,pre19-21
AKcorr_1,2020,winter,25,2184.0,0,72.4,167.86,8,23,2,0,0,0.0,0.0,0.0,0.1749,0.1749,0.9781,not met,not met,pre19-21
AKcorr_1,2020,melt,25,2928.0,0,102.56,167.86,4,22,3,0,0,0.0,0.0,0.0,0.0652,0.0652,0.8279,not met,not met,pre19-21
AKcorr_1,2020,freeze-up,21,2208.0,0,72.4,167.86,5,21,0,0,0,0.0,0.0,0.0,0.1081,0.1081,0.8698,not met,not met,pre19-21
AKcorr_1,2021,winter,21,2160.0,0,72.4,167.86,7,21,0,0,0,0.0,0.0,0.0,0.1547,0.1547,0.8556,not met,not met,pre19-21
AKcorr_1,2021,melt,25,2928.0,0,120.14,167.86,3,23,2,0,0,0.0,0.0,0.0,0.0489,0.0489,0.8689,not met,not met,pre19-21
AKcorr_1,2021,freeze-up,27,2208.0,0,72.4,126.43,8,23,4,0,0,0.0,0.0,0.0,0.173,0.173,0.9347,not met,not met,pre19-21
AKcorr_1,2022,winter,21,2160.0,0,72.4,167.86,6,21,0,0,0,0.0,0.0,0.0,0.1326,0.1326,0.9333,not met,not met,during22-24
AKcorr_1,2022,melt,20,2928.0,0,120.14,167.86,0,20,0,0,0,0.0,0.0,0.0,0.0,0.0,0.9263,not met,not met,during22-24
AKcorr_1,2022,freeze-up,15,2208.0,0,144.0,167.86,1,15,0,0,0,0.0,0.0,0.0,0.0216,0.0216,0.8042,not met,not met,during22-24
AKcorr_1,2023,winter,15,2160.0,0,144.0,167.86,0,15,0,0,0,0.0,0.0,0.0,0.0,0.0,0.9333,not met,not met,during22-24
AKcorr_1,2023,melt,21,2928.0,0,144.0,167.86,0,21,0,0,0,0.0,0.0,0.0,0.0,0.0,0.9836,not met,not met,during22-24
AKcorr_1,2023,freeze-up,15,2208.0,0,144.0,167.86,0,15,0,0,0,0.0,0.0,0.0,0.0,0.0,0.9131,not met,not met,during22-24
AKcorr_1,2024,winter,18,2184.0,0,72.4,196.82,6,18,0,0,0,0.0,0.0,0.0,0.1311,0.1311,0.6043,not met,not met,during22-24
AKcorr_1,2024,melt,24,2928.0,0,120.14,167.86,5,24,0,0,0,0.0,0.0,0.0,0.0815,0.0815,0.8032,not met,not met,during22-24
AKcorr_1,2024,freeze-up,21,2208.0,0,72.4,167.86,6,21,0,0,0,0.0,0.0,0.0,0.1297,0.1297,0.8154,not met,not met,during22-24
AKcorr_1,2025,winter,22,2160.0,0,72.4,167.86,8,22,0,0,0,0.0,0.0,0.0,0.1768,0.1768,0.8442,not met,not met,post25-26
AKcorr_1,2025,melt,32,2928.0,0,84.99,120.14,3,23,0,9,0,0.0,0.0,0.0,0.0489,0.0489,0.9546,not met,not met,post25-26
AKcorr_1,2025,freeze-up,30,2208.0,0,72.4,84.99,8,24,0,6,0,0.0,0.0,0.0,0.173,0.173,0.9675,not met,not met,post25-26
AKcorr_1,2026,winter,27,2160.0,0,82.87,84.99,6,19,0,8,0,0.0,0.0,0.0,0.1326,0.1326,0.8394,not met,not met,post25-26
AKcorr_1,2026,melt,21,2327.8,1,84.98,122.52,1,0,0,7,14,0.0,0.0,0.0,0.0103,0.0103,0.7789,not met,not met,post25-26
AKcorr_2,2016,winter,6,2184.0,0,288.0,460.8,0,6,0,0,0,0.0,0.0,0.0,0.0,0.0,0.0,not met,not met,2016-18
AKcorr_2,2016,melt,3,2928.0,0,359.99,532.8,0,2,1,0,0,0.0,0.0,0.0,0.0,0.0,0.0492,not met,not met,2016-18
AKcorr_2,2016,freeze-up,14,2208.0,0,120.14,278.45,7,0,14,0,0,0.0,0.0,0.0121,0.0493,0.077,0.3646,not met,not met,2016-18
AKcorr_2,2017,winter,31,2160.0,0,61.1,108.1,24,6,25,0,0,0.0,0.0,0.0924,0.1476,0.2656,0.7294,not met,not met,2016-18
AKcorr_2,2017,melt,21,2928.0,0,144.0,167.86,0,21,0,0,0,0.0,0.0,0.0,0.0,0.0,0.9836,not met,not met,2016-18
AKcorr_2,2017,freeze-up,15,2208.0,0,144.0,167.86,0,15,0,0,0,0.0,0.0,0.0,0.0,0.0,0.9131,not met,not met,2016-18
AKcorr_2,2018,winter,15,2160.0,0,144.0,167.86,0,15,0,0,0,0.0,0.0,0.0,0.0,0.0,0.9333,not met,not met,2016-18
AKcorr_2,2018,melt,28,2928.0,0,72.4,167.86,8,28,0,0,0,0.0,0.0,0.0,0.1304,0.1304,0.91,not met,not met,2016-18
AKcorr_2,2018,freeze-up,22,2208.0,0,72.4,167.86,6,22,0,0,0,0.0,0.0,0.0,0.1297,0.1297,0.8698,not met,not met,2016-18
AKcorr_2,2019,winter,22,2160.0,0,72.4,167.86,7,22,0,0,0,0.0,0.0,0.0,0.1547,0.1547,0.9333,not met,not met,pre19-21
AKcorr_2,2019,melt,31,2928.0,0,72.4,167.86,10,31,0,0,0,0.0,0.0,0.0,0.163,0.163,0.9836,not met,not met,pre19-21
AKcorr_2,2019,freeze-up,22,2208.0,0,72.4,167.86,7,22,0,0,0,0.0,0.0,0.0,0.1513,0.1513,0.9131,not met,not met,pre19-21
AKcorr_2,2020,winter,23,2184.0,0,72.4,167.86,8,23,0,0,0,0.0,0.0,0.0,0.1748,0.1748,0.8681,not met,not met,pre19-21
AKcorr_2,2020,melt,22,2928.0,0,120.14,167.86,4,22,0,0,0,0.0,0.0,0.0,0.0652,0.0652,0.7459,not met,not met,pre19-21
AKcorr_2,2020,freeze-up,21,2208.0,0,72.4,167.86,5,21,0,0,0,0.0,0.0,0.0,0.1081,0.1081,0.8698,not met,not met,pre19-21
AKcorr_2,2021,winter,21,2160.0,0,72.4,167.86,7,21,0,0,0,0.0,0.0,0.0,0.1547,0.1547,0.8556,not met,not met,pre19-21
AKcorr_2,2021,melt,23,2928.0,0,120.14,167.86,3,23,0,0,0,0.0,0.0,0.0,0.0489,0.0489,0.8689,not met,not met,pre19-21
AKcorr_2,2021,freeze-up,23,2208.0,0,72.4,167.86,8,23,0,0,0,0.0,0.0,0.0,0.1729,0.1729,0.9347,not met,not met,pre19-21
AKcorr_2,2022,winter,21,2160.0,0,72.4,167.86,6,21,0,0,0,0.0,0.0,0.0,0.1326,0.1326,0.9333,not met,not met,during22-24
AKcorr_2,2022,melt,20,2928.0,0,120.14,167.86,0,20,0,0,0,0.0,0.0,0.0,0.0,0.0,0.9263,not met,not met,during22-24
AKcorr_2,2022,freeze-up,15,2208.0,0,144.0,167.86,1,15,0,0,0,0.0,0.0,0.0,0.0216,0.0216,0.8042,not met,not met,during22-24
AKcorr_2,2023,winter,15,2160.0,0,144.0,167.86,0,15,0,0,0,0.0,0.0,0.0,0.0,0.0,0.9333,not met,not met,during22-24
AKcorr_2,2023,melt,21,2928.0,0,144.0,167.86,0,21,0,0,0,0.0,0.0,0.0,0.0,0.0,0.9836,not met,not met,during22-24
AKcorr_2,2023,freeze-up,15,2208.0,0,144.0,167.86,0,15,0,0,0,0.0,0.0,0.0,0.0,0.0,0.9131,not met,not met,during22-24
AKcorr_2,2024,winter,19,2184.0,0,72.4,189.58,7,19,0,0,0,0.0,0.0,0.0,0.153,0.153,0.6043,not met,not met,during22-24
AKcorr_2,2024,melt,24,2928.0,0,120.14,167.86,5,24,0,0,0,0.0,0.0,0.0,0.0815,0.0815,0.8032,not met,not met,during22-24
AKcorr_2,2024,freeze-up,21,2208.0,0,72.4,167.86,6,21,0,0,0,0.0,0.0,0.0,0.1297,0.1297,0.8154,not met,not met,during22-24
AKcorr_2,2025,winter,22,2160.0,0,72.4,167.86,8,22,0,0,0,0.0,0.0,0.0,0.1768,0.1768,0.8442,not met,not met,post25-26
AKcorr_2,2025,melt,32,2928.0,0,84.98,120.14,3,23,0,9,0,0.0,0.0,0.0,0.0489,0.0489,0.9546,not met,not met,post25-26
AKcorr_2,2025,freeze-up,30,2208.0,0,72.4,84.98,8,24,0,6,0,0.0,0.0,0.0,0.1729,0.1729,0.9675,not met,not met,post25-26
AKcorr_2,2026,winter,27,2160.0,0,82.88,84.98,6,19,0,8,0,0.0,0.0,0.0,0.1326,0.1326,0.8393,not met,not met,post25-26
AKcorr_2,2026,melt,21,2327.8,1,84.96,122.52,1,0,0,7,14,0.0,0.0,0.0,0.0103,0.0103,0.7789,not met,not met,post25-26
AKcorr_3,2016,winter,6,2184.0,0,288.0,460.8,0,6,0,0,0,0.0,0.0,0.0,0.0,0.0,0.0,not met,not met,2016-18
AKcorr_3,2016,melt,4,2928.0,0,301.36,521.07,0,3,1,0,0,0.0,0.0,0.0,0.0,0.0,0.0492,not met,not met,2016-18
AKcorr_3,2016,freeze-up,24,2208.0,0,61.09,196.5,16,0,24,0,0,0.0,0.0,0.0182,0.1202,0.2567,0.5883,not met,not met,2016-18
AKcorr_3,2017,winter,46,2160.0,0,37.22,102.57,54,9,37,0,0,0.0,0.0243,0.1366,0.2519,0.5252,0.9395,not met,not met,2016-18
AKcorr_3,2017,melt,40,2928.0,0,82.9,120.14,19,31,9,0,0,0.0,0.0,0.0,0.2775,0.2775,0.9836,not met,not met,2016-18
AKcorr_3,2017,freeze-up,30,2208.0,0,82.9,120.14,14,23,7,0,0,0.0,0.0,0.0,0.2694,0.2694,0.9675,not met,not met,2016-18
AKcorr_3,2018,winter,27,2160.0,0,82.9,120.14,12,22,5,0,0,0.0,0.0,0.0,0.2409,0.2409,0.9554,not met,not met,2016-18
AKcorr_3,2018,melt,42,2928.0,0,47.73,120.14,21,39,3,0,0,0.0,0.0,0.0,0.3316,0.3316,0.9553,not met,not met,2016-18
AKcorr_3,2018,freeze-up,31,2208.0,0,72.4,120.14,14,29,2,0,0,0.0,0.0,0.0,0.2931,0.2931,0.9675,not met,not met,2016-18
AKcorr_3,2019,winter,32,2160.0,0,47.73,120.14,17,29,3,0,0,0.0,0.0,0.0,0.3611,0.3611,0.9333,not met,not met,pre19-21
AKcorr_3,2019,melt,49,2928.0,0,47.73,120.14,41,41,8,0,0,0.0,0.0,0.0815,0.3632,0.3798,0.9836,not met,not met,pre19-21
AKcorr_3,2019,freeze-up,43,2208.0,0,47.73,82.9,40,30,13,0,0,0.0,0.0,0.1513,0.4086,0.4086,0.9722,not met,not met,pre19-21
AKcorr_3,2020,winter,41,2184.0,0,47.73,110.69,40,30,11,0,0,0.0,0.0,0.1639,0.3728,0.3728,0.989,not met,not met,pre19-21
AKcorr_3,2020,melt,40,2928.0,0,47.73,120.14,29,33,7,0,0,0.0,0.0,0.0815,0.2409,0.2409,0.9426,not met,not met,pre19-21
AKcorr_3,2020,freeze-up,39,2208.0,0,47.73,120.14,30,28,11,0,0,0.0,0.0048,0.1128,0.3269,0.3593,0.9843,not met,not met,pre19-21
AKcorr_3,2021,winter,40,2160.0,0,47.73,90.34,39,30,10,0,0,0.0,0.0,0.1657,0.377,0.377,0.9444,not met,not met,pre19-21
AKcorr_3,2021,melt,48,2928.0,0,47.73,97.79,35,33,15,0,0,0.0,0.0,0.0734,0.3309,0.3554,0.9426,not met,not met,pre19-21
AKcorr_3,2021,freeze-up,45,2208.0,0,47.73,82.9,44,31,14,0,0,0.0,0.0,0.1513,0.4639,0.4639,0.9563,not met,not met,pre19-21
AKcorr_3,2022,winter,28,2160.0,0,72.4,120.14,13,28,0,0,0,0.0,0.0,0.0,0.2873,0.2873,0.9333,not met,not met,during22-24
AKcorr_3,2022,melt,31,2928.0,0,120.14,120.14,10,31,0,0,0,0.0,0.0,0.0,0.163,0.163,0.9836,not met,not met,during22-24
AKcorr_3,2022,freeze-up,22,2208.0,0,120.14,120.14,8,22,0,0,0,0.0,0.0,0.0,0.1729,0.1729,0.8258,not met,not met,during22-24
AKcorr_3,2023,winter,27,2160.0,0,72.4,120.14,12,27,0,0,0,0.0,0.0,0.0,0.2652,0.2652,0.9554,not met,not met,during22-24
AKcorr_3,2023,melt,34,2928.0,0,72.4,120.14,13,34,0,0,0,0.0,0.0,0.0,0.2119,0.2119,0.9836,not met,not met,during22-24
AKcorr_3,2023,freeze-up,30,2208.0,0,47.73,120.14,15,30,0,0,0,0.0,0.0,0.0,0.3243,0.3243,0.9347,not met,not met,during22-24
AKcorr_3,2024,winter,25,2184.0,0,60.07,120.14,12,25,0,0,0,0.0,0.0,0.0,0.2623,0.2623,0.7031,not met,not met,during22-24
AKcorr_3,2024,melt,32,2928.0,0,72.4,167.86,13,32,0,0,0,0.0,0.0,0.0,0.2119,0.2119,0.8358,not met,not met,during22-24
AKcorr_3,2024,freeze-up,27,2208.0,0,72.4,120.14,10,27,0,0,0,0.0,0.0,0.0,0.2162,0.2162,0.9675,not met,not met,during22-24
AKcorr_3,2025,winter,30,2160.0,0,47.73,120.14,16,30,0,0,0,0.0,0.0,0.0,0.3536,0.3536,0.8884,not met,not met,post25-26
AKcorr_3,2025,melt,63,2928.0,0,37.24,72.4,74,33,0,30,0,0.0,0.0,0.0916,0.6018,0.6385,0.9836,not met,not met,post25-26
AKcorr_3,2025,freeze-up,59,2208.0,0,35.16,72.4,88,32,0,27,0,0.0,0.0,0.2032,0.7048,0.7267,0.9891,not met,not met,post25-26
AKcorr_3,2026,winter,55,2160.0,0,35.16,72.4,82,25,0,30,0,0.0,0.0,0.1759,0.6603,0.6877,0.9554,not met,not met,post25-26
AKcorr_3,2026,melt,31,2327.8,1,47.73,120.13,19,0,0,15,16,0.0,0.0046,0.0103,0.2703,0.2957,0.8248,not met,not met,post25-26
AKcorr_4,2016,winter,7,2184.0,0,288.0,288.0,0,7,0,0,0,0.0,0.0,0.0,0.0,0.0,0.0,not met,not met,2016-18
AKcorr_4,2016,melt,6,2928.0,0,301.35,740.79,0,5,1,0,0,0.0,0.0,0.0,0.0,0.0,0.0492,not met,not met,2016-18
AKcorr_4,2016,freeze-up,31,2208.0,0,59.05,112.89,23,0,31,0,0,0.0,0.0,0.0181,0.2257,0.3622,0.7343,not met,not met,2016-18
AKcorr_4,2017,winter,52,2160.0,0,34.38,72.41,66,9,43,0,0,0.0,0.0292,0.1635,0.3266,0.6285,0.9395,not met,not met,2016-18
AKcorr_4,2017,melt,40,2928.0,0,82.9,120.14,19,31,9,0,0,0.0,0.0,0.0,0.2774,0.2774,0.9836,not met,not met,2016-18
AKcorr_4,2017,freeze-up,29,2208.0,0,82.9,120.14,13,23,6,0,0,0.0,0.0,0.0,0.2525,0.2525,0.9675,not met,not met,2016-18
AKcorr_4,2018,winter,27,2160.0,0,82.9,120.13,12,22,5,0,0,0.0,0.0,0.0,0.2409,0.2409,0.9554,not met,not met,2016-18
AKcorr_4,2018,melt,42,2928.0,0,47.74,120.14,21,39,3,0,0,0.0,0.0,0.0,0.3316,0.3316,0.9553,not met,not met,2016-18
AKcorr_4,2018,freeze-up,31,2208.0,0,72.4,120.14,14,29,2,0,0,0.0,0.0,0.0,0.2931,0.2931,0.9675,not met,not met,2016-18
AKcorr_4,2019,winter,32,2160.0,0,47.74,120.14,17,29,3,0,0,0.0,0.0,0.0,0.3611,0.3611,0.9333,not met,not met,pre19-21
AKcorr_4,2019,melt,49,2928.0,0,47.74,120.13,41,41,8,0,0,0.0,0.0,0.0815,0.3632,0.3798,0.9836,not met,not met,pre19-21
AKcorr_4,2019,freeze-up,45,2208.0,0,37.22,82.9,48,30,15,0,0,0.0,0.0048,0.1898,0.4086,0.4086,0.885,not met,not met,pre19-21
AKcorr_4,2020,winter,41,2184.0,0,47.73,110.68,40,30,11,0,0,0.0,0.0,0.1639,0.3728,0.3728,0.989,not met,not met,pre19-21
AKcorr_4,2020,melt,40,2928.0,0,47.74,120.14,29,33,7,0,0,0.0,0.0,0.0815,0.2409,0.2409,0.9426,not met,not met,pre19-21
AKcorr_4,2020,freeze-up,39,2208.0,0,47.73,120.13,30,28,11,0,0,0.0,0.0048,0.1129,0.3269,0.3593,0.9843,not met,not met,pre19-21
AKcorr_4,2021,winter,40,2160.0,0,47.73,90.35,39,30,10,0,0,0.0,0.0,0.1658,0.377,0.377,0.9444,not met,not met,pre19-21
AKcorr_4,2021,melt,48,2928.0,0,47.73,97.79,35,33,15,0,0,0.0,0.0,0.0734,0.3309,0.3554,0.9426,not met,not met,pre19-21
AKcorr_4,2021,freeze-up,45,2208.0,0,47.73,82.9,44,31,14,0,0,0.0,0.0,0.1513,0.4639,0.4639,0.9563,not met,not met,pre19-21
AKcorr_4,2022,winter,28,2160.0,0,72.4,120.14,13,28,0,0,0,0.0,0.0,0.0,0.2873,0.2873,0.9333,not met,not met,during22-24
AKcorr_4,2022,melt,31,2928.0,0,120.13,120.14,10,31,0,0,0,0.0,0.0,0.0,0.163,0.163,0.9836,not met,not met,during22-24
AKcorr_4,2022,freeze-up,22,2208.0,0,120.13,120.14,8,22,0,0,0,0.0,0.0,0.0,0.173,0.173,0.8259,not met,not met,during22-24
AKcorr_4,2023,winter,27,2160.0,0,72.4,120.14,12,27,0,0,0,0.0,0.0,0.0,0.2652,0.2652,0.9554,not met,not met,during22-24
AKcorr_4,2023,melt,34,2928.0,0,72.41,120.14,13,34,0,0,0,0.0,0.0,0.0,0.2119,0.2119,0.9836,not met,not met,during22-24
AKcorr_4,2023,freeze-up,30,2208.0,0,47.74,120.14,15,30,0,0,0,0.0,0.0,0.0,0.3243,0.3243,0.9347,not met,not met,during22-24
AKcorr_4,2024,winter,25,2184.0,0,60.07,120.14,12,25,0,0,0,0.0,0.0,0.0,0.2623,0.2623,0.7031,not met,not met,during22-24
AKcorr_4,2024,melt,32,2928.0,0,72.4,167.86,13,32,0,0,0,0.0,0.0,0.0,0.2119,0.2119,0.8358,not met,not met,during22-24
AKcorr_4,2024,freeze-up,27,2208.0,0,72.4,120.14,10,27,0,0,0,0.0,0.0,0.0,0.2162,0.2162,0.9675,not met,not met,during22-24
AKcorr_4,2025,winter,32,2160.0,0,47.74,120.14,18,31,0,1,0,0.0,0.0049,0.0049,0.3536,0.3536,0.9775,not met,not met,post25-26
AKcorr_4,2025,melt,54,2928.0,0,47.73,112.68,49,33,0,21,0,0.0,0.0,0.0734,0.4059,0.4722,0.9836,not met,not met,post25-26
AKcorr_4,2025,freeze-up,54,2208.0,0,37.23,72.41,68,32,0,22,0,0.0,0.0,0.173,0.5729,0.7267,0.9891,not met,not met,post25-26
AKcorr_4,2026,winter,47,2160.0,0,37.23,72.41,54,25,0,22,0,0.0,0.0,0.1326,0.4972,0.6096,0.9493,not met,not met,post25-26
AKcorr_4,2026,melt,22,2327.8,1,120.14,130.64,7,0,0,8,14,0.0,0.0,0.0,0.0959,0.121,0.8043,not met,not met,post25-26
AKcorr_5,2016,winter,7,2184.0,0,288.0,288.0,0,7,0,0,0,0.0,0.0,0.0,0.0,0.0,0.0,not met,not met,2016-18
AKcorr_5,2016,melt,5,2928.0,0,432.0,979.2,0,4,1,0,0,0.0,0.0,0.0,0.0,0.0,0.0492,not met,not met,2016-18
AKcorr_5,2016,freeze-up,31,2208.0,0,36.21,161.59,34,0,31,0,0,0.0,0.0,0.0363,0.345,0.345,0.5582,not met,not met,2016-18
AKcorr_5,2017,winter,48,2160.0,0,24.69,120.13,74,12,36,0,0,0.0,0.0146,0.1577,0.4592,0.4592,0.8953,not met,not met,2016-18
AKcorr_5,2017,melt,10,2928.0,0,288.0,288.0,0,10,0,0,0,0.0,0.0,0.0,0.0,0.0,0.0,not met,not met,2016-18
AKcorr_5,2017,freeze-up,11,2208.0,0,209.32,288.0,0,10,1,0,0,0.0,0.0,0.0,0.0,0.0,0.1368,not met,not met,2016-18
AKcorr_5,2018,winter,16,2160.0,0,72.4,215.6,0,16,0,0,0,0.0,0.0,0.0,0.0,0.0,0.2682,not met,not met,2016-18
AKcorr_5,2018,melt,10,2928.0,0,288.0,288.0,0,10,0,0,0,0.0,0.0,0.0,0.0,0.0,0.0247,not met,not met,2016-18
AKcorr_5,2018,freeze-up,10,2208.0,0,240.27,345.6,3,10,0,0,0,0.0,0.0,0.0,0.0648,0.0648,0.0648,not met,not met,2016-18
AKcorr_5,2019,winter,9,2160.0,0,240.27,374.4,3,9,0,0,0,0.0,0.0,0.0,0.0663,0.0663,0.0663,not met,not met,pre19-21
AKcorr_5,2019,melt,14,2928.0,0,120.14,144.02,6,9,5,0,0,0.0,0.0,0.0407,0.0407,0.0407,0.3934,not met,not met,pre19-21
AKcorr_5,2019,freeze-up,29,2208.0,0,60.07,144.02,19,20,9,0,0,0.0,0.0048,0.0925,0.1789,0.1789,0.9239,not met,not met,pre19-21
AKcorr_5,2020,winter,27,2184.0,0,72.41,144.02,14,19,8,0,0,0.0,0.0,0.0874,0.1529,0.1529,0.989,not met,not met,pre19-21
AKcorr_5,2020,melt,16,2928.0,0,72.41,191.74,5,11,5,0,0,0.0,0.0,0.0407,0.0407,0.0407,0.2299,not met,not met,pre19-21
AKcorr_5,2020,freeze-up,22,2208.0,0,72.41,191.74,6,16,6,0,0,0.0,0.0,0.0432,0.0544,0.0868,0.414,not met,not met,pre19-21
AKcorr_5,2021,winter,25,2160.0,0,72.41,191.74,13,17,8,0,0,0.0,0.0,0.0773,0.1443,0.1443,0.4007,not met,not met,pre19-21
AKcorr_5,2021,melt,14,2928.0,0,72.41,191.74,4,9,5,0,0,0.0,0.0,0.0326,0.0326,0.0326,0.1396,not met,not met,pre19-21
AKcorr_5,2021,freeze-up,22,2208.0,0,47.73,191.74,12,15,7,0,0,0.0,0.0,0.0756,0.1412,0.1412,0.2396,not met,not met,pre19-21
AKcorr_5,2022,winter,13,2160.0,0,215.59,288.0,2,13,0,0,0,0.0,0.0,0.0,0.0335,0.0335,0.1341,not met,not met,during22-24
AKcorr_5,2022,melt,9,2928.0,0,144.0,215.59,0,9,0,0,0,0.0,0.0,0.0,0.0,0.0,0.0989,not met,not met,during22-24
AKcorr_5,2022,freeze-up,14,2208.0,0,215.59,215.59,0,14,0,0,0,0.0,0.0,0.0,0.0,0.0,0.1968,not met,not met,during22-24
AKcorr_5,2023,winter,15,2160.0,0,144.0,215.59,0,15,0,0,0,0.0,0.0,0.0,0.0,0.0,0.2347,not met,not met,during22-24
AKcorr_5,2023,melt,10,2928.0,0,72.41,215.59,2,10,0,0,0,0.0,0.0,0.0,0.0326,0.0326,0.1889,not met,not met,during22-24
AKcorr_5,2023,freeze-up,16,2208.0,0,72.41,215.59,2,16,0,0,0,0.0,0.0,0.0,0.0328,0.0328,0.2296,not met,not met,during22-24
AKcorr_5,2024,winter,17,2184.0,0,72.41,215.59,6,17,0,0,0,0.0,0.0,0.0,0.1206,0.1206,0.4838,not met,not met,during22-24
AKcorr_5,2024,melt,10,2928.0,0,72.41,215.59,0,10,0,0,0,0.0,0.0,0.0,0.0,0.0,0.1236,not met,not met,during22-24
AKcorr_5,2024,freeze-up,14,2208.0,0,215.59,215.59,0,14,0,0,0,0.0,0.0,0.0,0.0,0.0,0.1968,not met,not met,during22-24
AKcorr_5,2025,winter,11,2160.0,0,215.59,316.8,1,9,0,2,0,0.0,0.0,0.0,0.0221,0.0221,0.1275,not met,not met,post25-26
AKcorr_5,2025,melt,19,2928.0,0,84.33,320.89,7,7,0,12,0,0.0,0.0,0.0326,0.0707,0.0707,0.4016,not met,not met,post25-26
AKcorr_5,2025,freeze-up,43,2208.0,0,37.22,72.41,27,24,0,19,0,0.0,0.0381,0.1245,0.2593,0.3566,0.9783,not met,not met,post25-26
AKcorr_5,2026,winter,38,2160.0,0,37.22,144.01,24,21,0,17,0,0.0,0.0389,0.1052,0.2421,0.3084,0.9382,not met,not met,post25-26
AKcorr_5,2026,melt,29,2327.8,1,54.81,167.86,14,2,0,7,20,0.0,0.0271,0.0385,0.1344,0.1344,0.7332,not met,not met,post25-26
AKcorr_6,2016,winter,12,2184.0,0,192.55,288.0,0,12,0,0,0,0.0,0.0,0.0,0.0,0.0,0.1748,not met,not met,2016-18
AKcorr_6,2016,melt,6,2928.0,0,493.88,625.27,0,5,1,0,0,0.0,0.0,0.0,0.0,0.0,0.0492,not met,not met,2016-18
AKcorr_6,2016,freeze-up,31,2208.0,0,47.73,120.14,24,0,31,0,0,0.0,0.0,0.0363,0.2257,0.2257,0.7982,not met,not met,2016-18
AKcorr_6,2017,winter,51,2160.0,0,23.88,110.67,71,13,38,0,0,0.0,0.0292,0.2015,0.3861,0.4148,0.9841,not met,not met,2016-18
AKcorr_6,2017,melt,22,2928.0,0,120.14,277.48,0,14,8,0,0,0.0,0.0287,0.0287,0.0287,0.0287,0.3541,not met,not met,2016-18
AKcorr_6,2017,freeze-up,14,2208.0,0,72.4,285.9,2,10,4,0,0,0.0,0.0191,0.0191,0.0191,0.0751,0.1079,not met,not met,2016-18
AKcorr_6,2018,winter,21,2160.0,0,67.14,215.6,5,16,5,0,0,0.0,0.0243,0.0243,0.0243,0.1676,0.2682,not met,not met,2016-18
AKcorr_6,2018,melt,11,2928.0,0,288.0,288.0,0,10,1,0,0,0.0,0.0036,0.0036,0.0036,0.0036,0.0283,not met,not met,2016-18
AKcorr_6,2018,freeze-up,15,2208.0,0,144.0,288.0,3,11,4,0,0,0.0,0.0143,0.0143,0.0143,0.0984,0.1312,not met,not met,2016-18
AKcorr_6,2019,winter,16,2160.0,0,72.41,252.72,3,12,4,0,0,0.0,0.0195,0.0195,0.0195,0.1054,0.1725,not met,not met,pre19-21
AKcorr_6,2019,melt,23,2928.0,0,47.73,144.0,18,14,9,0,0,0.0,0.018,0.0506,0.1321,0.2166,0.4133,not met,not met,pre19-21
AKcorr_6,2019,freeze-up,35,2208.0,0,47.73,144.0,26,21,14,0,0,0.0,0.0334,0.109,0.2387,0.4349,0.837,not met,not met,pre19-21
AKcorr_6,2020,winter,39,2184.0,0,47.73,144.0,30,24,15,0,0,0.0,0.0337,0.1211,0.2959,0.4943,0.989,not met,not met,pre19-21
AKcorr_6,2020,melt,24,2928.0,0,61.89,288.0,9,10,14,0,0,0.0,0.0144,0.0551,0.0551,0.1397,0.1644,not met,not met,pre19-21
AKcorr_6,2020,freeze-up,26,2208.0,0,61.89,191.74,9,14,12,0,0,0.0,0.0286,0.0718,0.0718,0.2119,0.3272,not met,not met,pre19-21
AKcorr_6,2021,winter,28,2160.0,0,61.89,191.74,13,14,14,0,0,0.0,0.0292,0.1065,0.1065,0.2784,0.312,not met,not met,pre19-21
AKcorr_6,2021,melt,22,2928.0,0,72.4,288.0,7,9,13,0,0,0.0,0.0108,0.0434,0.0434,0.1068,0.1608,not met,not met,pre19-21
AKcorr_6,2021,freeze-up,26,2208.0,0,61.89,191.74,13,13,13,0,0,0.0,0.019,0.0947,0.0947,0.2629,0.2957,not met,not met,pre19-21
AKcorr_6,2022,winter,12,2160.0,0,215.6,288.0,0,12,0,0,0,0.0,0.0,0.0,0.0,0.0,0.1341,not met,not met,during22-24
AKcorr_6,2022,melt,9,2928.0,0,144.0,215.6,0,9,0,0,0,0.0,0.0,0.0,0.0,0.0,0.0989,not met,not met,during22-24
AKcorr_6,2022,freeze-up,14,2208.0,0,215.6,215.6,0,14,0,0,0,0.0,0.0,0.0,0.0,0.0,0.1967,not met,not met,during22-24
AKcorr_6,2023,winter,15,2160.0,0,144.0,215.6,0,15,0,0,0,0.0,0.0,0.0,0.0,0.0,0.2346,not met,not met,during22-24
AKcorr_6,2023,melt,10,2928.0,0,72.4,215.6,2,10,0,0,0,0.0,0.0,0.0,0.0326,0.0326,0.1888,not met,not met,during22-24
AKcorr_6,2023,freeze-up,15,2208.0,0,144.0,215.6,0,15,0,0,0,0.0,0.0,0.0,0.0,0.0,0.2295,not met,not met,during22-24
AKcorr_6,2024,winter,16,2184.0,0,72.4,215.6,4,16,0,0,0,0.0,0.0,0.0,0.0874,0.0874,0.4838,not met,not met,during22-24
AKcorr_6,2024,melt,10,2928.0,0,72.4,215.6,0,10,0,0,0,0.0,0.0,0.0,0.0,0.0,0.1236,not met,not met,during22-24
AKcorr_6,2024,freeze-up,14,2208.0,0,215.6,215.6,0,14,0,0,0,0.0,0.0,0.0,0.0,0.0,0.1967,not met,not met,during22-24
AKcorr_6,2025,winter,10,2160.0,0,215.6,345.6,0,9,0,1,0,0.0,0.0,0.0,0.0,0.0,0.1275,not met,not met,post25-26
AKcorr_6,2025,melt,31,2928.0,0,47.73,245.05,20,8,0,23,0,0.0,0.0144,0.0469,0.1584,0.243,0.4834,not met,not met,post25-26
AKcorr_6,2025,freeze-up,48,2208.0,0,23.85,144.01,48,24,0,24,0,0.0,0.0762,0.1626,0.2975,0.5217,0.9783,not met,not met,post25-26
AKcorr_6,2026,winter,40,2160.0,0,37.22,144.01,32,20,0,20,0,0.0,0.0584,0.1247,0.2502,0.3648,0.9382,not met,not met,post25-26
AKcorr_6,2026,melt,28,2327.8,1,72.4,167.86,15,5,0,1,22,0.0,0.0,0.0216,0.2126,0.2126,0.7909,not met,not met,post25-26
BaffinBay,2016,winter,88,2184.0,0,24.68,47.73,180,88,0,0,0,0.0,0.0801,0.2066,0.9066,0.9336,0.9668,not met,not met,2016-18
BaffinBay,2016,melt,123,2928.0,0,24.67,37.92,288,119,4,0,0,0.0003,0.0736,0.2528,0.8533,0.8937,0.992,not met,not met,2016-18
BaffinBay,2016,freeze-up,151,2208.0,0,13.32,24.68,606,85,66,0,0,0.0078,0.2203,0.7092,0.9675,0.9895,0.9895,partial,not met,2016-18
BaffinBay,2017,winter,109,2160.0,0,13.33,38.01,324,47,62,0,0,0.0038,0.1415,0.5411,0.8777,0.9333,0.973,partial,not met,2016-18
BaffinBay,2017,melt,95,2928.0,0,23.87,48.31,176,41,54,0,0,0.0,0.0,0.4727,0.8178,0.9836,0.9836,not met,not met,2016-18
BaffinBay,2017,freeze-up,79,2208.0,0,23.87,47.73,168,31,48,0,0,0.0,0.0323,0.4491,0.8351,0.9891,0.9891,not met,not met,2016-18
BaffinBay,2018,winter,84,2160.0,0,23.86,48.39,190,33,51,0,0,0.0,0.0559,0.56,0.7464,0.9779,0.9779,partial,not met,2016-18
BaffinBay,2018,melt,87,2928.0,0,23.88,48.56,158,32,55,0,0,0.0,0.0213,0.2974,0.7106,0.8023,0.9752,not met,not met,2016-18
BaffinBay,2018,freeze-up,96,2208.0,0,23.85,42.4,238,37,59,0,0,0.0,0.0734,0.5808,0.9015,0.9455,0.9891,partial,not met,2016-18
BaffinBay,2019,winter,108,2160.0,0,23.85,34.4,312,41,67,0,0,0.0004,0.1046,0.7099,0.989,0.989,0.989,partial,not met,pre19-21
BaffinBay,2019,melt,112,2928.0,0,14.16,47.73,245,47,65,0,0,0.0,0.0885,0.3123,0.8958,0.9592,0.9918,not met,not met,pre19-21
BaffinBay,2019,freeze-up,97,2208.0,0,14.16,47.73,240,37,60,0,0,0.0,0.1023,0.4339,0.9611,0.9891,0.9891,not met,not met,pre19-21
BaffinBay,2020,winter,97,2184.0,0,14.15,47.73,245,37,60,0,0,0.0,0.1131,0.4678,0.8794,0.9672,0.9672,not met,not met,pre19-21
BaffinBay,2020,melt,115,2928.0,0,23.85,47.73,274,52,63,0,0,0.0,0.0852,0.3966,0.8496,0.913,0.9872,not met,not met,pre19-21
BaffinBay,2020,freeze-up,121,2208.0,0,14.13,34.39,381,54,67,0,0,0.0,0.1641,0.7392,0.9895,0.9895,0.9895,partial,not met,pre19-21
BaffinBay,2021,winter,113,2160.0,0,14.16,33.42,341,54,59,0,0,0.0,0.1302,0.741,0.9935,0.9935,0.9935,partial,not met,pre19-21
BaffinBay,2021,melt,131,2928.0,0,23.85,38.01,340,62,69,0,0,0.0,0.0988,0.5656,0.9576,0.9954,0.9954,partial,not met,pre19-21
BaffinBay,2021,freeze-up,113,2208.0,0,14.16,34.39,351,54,59,0,0,0.0,0.1215,0.6886,0.9563,0.9563,0.9891,partial,not met,pre19-21
BaffinBay,2022,winter,57,2160.0,0,34.4,47.73,66,57,0,0,0,0.0,0.0,0.0617,0.8037,0.8037,0.9714,not met,not met,during22-24
BaffinBay,2022,melt,59,2928.0,0,47.73,72.41,50,59,0,0,0,0.0,0.0,0.0364,0.5357,0.5357,0.9719,not met,not met,during22-24
BaffinBay,2022,freeze-up,50,2208.0,0,47.73,72.41,44,50,0,0,0,0.0,0.0,0.0302,0.6879,0.6879,0.9891,not met,not met,during22-24
BaffinBay,2023,winter,46,2160.0,0,38.01,104.93,43,46,0,0,0,0.0,0.0,0.0432,0.5944,0.5944,0.9775,not met,not met,during22-24
BaffinBay,2023,melt,66,2928.0,0,47.73,72.41,60,66,0,0,0,0.0,0.0,0.0364,0.6588,0.6588,0.9836,not met,not met,during22-24
BaffinBay,2023,freeze-up,49,2208.0,0,47.73,72.41,44,49,0,0,0,0.0,0.0,0.0241,0.6991,0.6991,0.9675,not met,not met,during22-24
BaffinBay,2024,winter,54,2184.0,0,38.01,47.74,58,54,0,0,0,0.0,0.0,0.0366,0.8281,0.8281,0.9607,not met,not met,during22-24
BaffinBay,2024,melt,70,2928.0,0,38.0,52.66,75,70,0,0,0,0.0,0.0,0.0364,0.77,0.77,0.9836,not met,not met,during22-24
BaffinBay,2024,freeze-up,61,2208.0,0,34.41,47.73,75,61,0,0,0,0.0,0.0,0.0483,0.9502,0.9502,0.9891,not met,not met,during22-24
BaffinBay,2025,winter,58,2160.0,0,34.41,47.73,70,56,0,2,0,0.0,0.0,0.0653,0.8761,0.8761,0.989,not met,not met,post25-26
BaffinBay,2025,melt,159,2928.0,0,13.33,38.01,519,76,0,83,0,0.0,0.217,0.6905,0.8402,0.9625,0.9918,partial,not met,post25-26
BaffinBay,2025,freeze-up,145,2208.0,0,13.33,23.88,559,67,0,78,0,0.0,0.2628,0.9178,0.9938,0.9938,0.9938,met,not met,post25-26
BaffinBay,2026,winter,128,2160.0,0,13.33,23.89,448,60,0,68,0,0.0,0.23,0.7669,0.9223,0.9779,0.9779,partial,not met,post25-26
BaffinBay,2026,melt,167,2327.8,1,13.32,23.87,689,17,0,73,77,0.0008,0.2587,0.8337,0.9944,0.9944,0.9944,met,not met,post25-26
Barents_Svalbard,2016,winter,98,2184.0,0,14.93,37.98,230,98,0,0,0,0.0,0.1608,0.3276,0.9518,0.9781,0.9781,not met,not met,2016-18
Barents_Svalbard,2016,melt,118,2928.0,0,14.93,37.98,262,113,5,0,0,0.0006,0.1432,0.2607,0.8198,0.8608,0.8934,not met,not met,2016-18
Barents_Svalbard,2016,freeze-up,130,2208.0,0,14.09,37.97,409,98,32,0,0,0.009,0.172,0.4872,0.9935,0.9935,0.9935,not met,not met,2016-18
Barents_Svalbard,2017,winter,104,2160.0,0,14.93,45.94,285,79,25,0,0,0.0054,0.1186,0.4132,0.798,0.9493,0.989,not met,not met,2016-18
Barents_Svalbard,2017,melt,88,2928.0,0,23.88,48.53,159,60,28,0,0,0.0,0.0,0.375,0.7853,0.9589,0.9836,not met,not met,2016-18
Barents_Svalbard,2017,freeze-up,70,2208.0,0,23.88,47.89,132,47,23,0,0,0.0,0.0,0.4216,0.8352,0.9891,0.9891,not met,not met,2016-18
Barents_Svalbard,2018,winter,65,2160.0,0,23.88,48.53,119,42,23,0,0,0.0,0.0,0.4089,0.7426,0.8998,0.9779,not met,not met,2016-18
Barents_Svalbard,2018,melt,133,2928.0,0,23.05,47.73,399,85,48,0,0,0.0086,0.0409,0.5239,0.7613,0.8434,0.9918,partial,not met,2016-18
Barents_Svalbard,2018,freeze-up,163,2208.0,0,13.69,23.88,685,96,67,0,0,0.0218,0.0852,0.907,0.9939,0.9939,0.9939,met,not met,2016-18
Barents_Svalbard,2019,winter,101,2160.0,0,23.86,24.67,271,46,55,0,0,0.0057,0.0102,0.8096,0.9558,0.989,0.989,met,not met,pre19-21
Barents_Svalbard,2019,melt,135,2928.0,0,23.85,23.88,359,66,69,0,0,0.007,0.007,0.7962,0.9676,0.992,0.992,partial,not met,pre19-21
Barents_Svalbard,2019,freeze-up,112,2208.0,0,23.85,23.88,331,54,58,0,0,0.0078,0.0078,0.9563,0.9891,0.9891,0.9891,met,not met,pre19-21
Barents_Svalbard,2020,winter,110,2184.0,0,23.85,23.88,320,51,59,0,0,0.0075,0.0075,0.9333,0.989,0.989,0.989,met,not met,pre19-21
Barents_Svalbard,2020,melt,141,2928.0,0,23.85,23.88,394,71,70,0,0,0.007,0.007,0.894,0.9918,0.9918,0.9918,met,not met,pre19-21
Barents_Svalbard,2020,freeze-up,112,2208.0,0,23.85,23.88,330,51,61,0,0,0.0082,0.0082,0.9458,0.9891,0.9891,0.9891,met,not met,pre19-21
Barents_Svalbard,2021,winter,108,2160.0,0,23.85,23.88,311,50,58,0,0,0.0076,0.0076,0.9219,0.989,0.989,0.989,met,not met,pre19-21
Barents_Svalbard,2021,melt,139,2928.0,0,23.85,23.88,379,71,68,0,0,0.007,0.007,0.8532,0.992,0.992,0.992,met,not met,pre19-21
Barents_Svalbard,2021,freeze-up,103,2208.0,0,23.85,23.88,288,50,53,0,0,0.0067,0.0067,0.8367,0.935,0.935,0.9783,met,not met,pre19-21
Barents_Svalbard,2022,winter,50,2160.0,0,47.73,47.73,46,50,0,0,0,0.0,0.0,0.0,0.8777,0.8777,0.989,not met,not met,during22-24
Barents_Svalbard,2022,melt,53,2928.0,0,47.73,95.45,38,53,0,0,0,0.0,0.0,0.0,0.525,0.525,0.9263,not met,not met,during22-24
Barents_Svalbard,2022,freeze-up,53,2208.0,0,47.73,47.73,52,53,0,0,0,0.0,0.0,0.0,0.9675,0.9675,0.9675,not met,not met,during22-24
Barents_Svalbard,2023,winter,51,2160.0,0,47.73,47.73,48,51,0,0,0,0.0,0.0,0.0,0.9112,0.9112,0.989,not met,not met,during22-24
Barents_Svalbard,2023,melt,58,2928.0,0,47.73,72.41,45,58,0,0,0,0.0,0.0,0.0,0.6312,0.6312,0.9673,not met,not met,during22-24
Barents_Svalbard,2023,freeze-up,54,2208.0,0,47.72,47.73,53,54,0,0,0,0.0,0.0,0.0,0.9786,0.9786,0.9786,not met,not met,during22-24
Barents_Svalbard,2024,winter,53,2184.0,0,47.73,47.73,52,53,0,0,0,0.0,0.0,0.0,0.9781,0.9781,0.9781,not met,not met,during22-24
Barents_Svalbard,2024,melt,57,2928.0,0,47.73,83.93,42,57,0,0,0,0.0,0.0,0.0,0.5902,0.5902,0.9836,not met,not met,during22-24
Barents_Svalbard,2024,freeze-up,54,2208.0,0,47.73,47.73,53,54,0,0,0,0.0,0.0,0.0,0.9891,0.9891,0.9891,not met,not met,during22-24
Barents_Svalbard,2025,winter,53,2160.0,0,47.73,47.73,55,52,0,1,0,0.0,0.0,0.0221,0.9669,0.9669,0.9669,not met,not met,post25-26
Barents_Svalbard,2025,melt,70,2928.0,0,24.68,77.02,84,57,0,13,0,0.0,0.0,0.1875,0.6152,0.6649,0.9673,not met,not met,post25-26
Barents_Svalbard,2025,freeze-up,62,2208.0,0,24.68,47.73,92,50,0,12,0,0.0,0.0,0.2594,0.8586,0.8586,0.9675,not met,not met,post25-26
Barents_Svalbard,2026,winter,54,2160.0,0,47.73,47.73,62,50,0,4,0,0.0,0.0,0.0884,0.8998,0.8998,0.9775,not met,not met,post25-26
Barents_Svalbard,2026,melt,36,2327.8,1,71.59,144.0,29,15,0,7,14,0.0002,0.0002,0.0207,0.2171,0.4016,0.9485,not met,not met,post25-26
BeringChukchi,2016,winter,6,2184.0,0,288.0,460.8,0,6,0,0,0,0.0,0.0,0.0,0.0,0.0,0.0,not met,not met,2016-18
BeringChukchi,2016,melt,3,2928.0,0,360.0,532.8,0,2,1,0,0,0.0,0.0,0.0,0.0,0.0,0.0492,not met,not met,2016-18
BeringChukchi,2016,freeze-up,17,2208.0,0,47.73,317.52,13,0,17,0,0,0.0,0.0,0.0182,0.1358,0.1358,0.3318,not met,not met,2016-18
BeringChukchi,2017,winter,33,2160.0,0,47.73,118.8,32,6,27,0,0,0.0,0.0049,0.0765,0.1856,0.293,0.7294,not met,not met,2016-18
BeringChukchi,2017,melt,21,2928.0,0,144.0,167.86,0,21,0,0,0,0.0,0.0,0.0,0.0,0.0,0.9836,not met,not met,2016-18
BeringChukchi,2017,freeze-up,15,2208.0,0,144.0,167.86,0,15,0,0,0,0.0,0.0,0.0,0.0,0.0,0.9131,not met,not met,2016-18
BeringChukchi,2018,winter,15,2160.0,0,144.0,167.86,0,15,0,0,0,0.0,0.0,0.0,0.0,0.0,0.9333,not met,not met,2016-18
BeringChukchi,2018,melt,28,2928.0,0,72.4,167.86,8,28,0,0,0,0.0,0.0,0.0,0.1304,0.1304,0.91,not met,not met,2016-18
BeringChukchi,2018,freeze-up,26,2208.0,0,72.4,148.77,6,26,0,0,0,0.0,0.0,0.0,0.1297,0.1297,0.9675,not met,not met,2016-18
BeringChukchi,2019,winter,30,2160.0,0,72.4,95.46,7,30,0,0,0,0.0,0.0,0.0,0.1547,0.1547,0.9775,not met,not met,pre19-21
BeringChukchi,2019,melt,37,2928.0,0,72.4,167.86,12,36,1,0,0,0.0,0.0,0.0163,0.163,0.163,0.9836,not met,not met,pre19-21
BeringChukchi,2019,freeze-up,29,2208.0,0,72.4,95.46,7,29,0,0,0,0.0,0.0,0.0,0.1513,0.1513,0.9458,not met,not met,pre19-21
BeringChukchi,2020,winter,29,2184.0,0,72.4,95.46,8,29,0,0,0,0.0,0.0,0.0,0.1748,0.1748,0.9781,not met,not met,pre19-21
BeringChukchi,2020,melt,26,2928.0,0,95.46,167.86,4,26,0,0,0,0.0,0.0,0.0,0.0652,0.0652,0.8526,not met,not met,pre19-21
BeringChukchi,2020,freeze-up,27,2208.0,0,72.4,120.14,5,27,0,0,0,0.0,0.0,0.0,0.1081,0.1081,0.9675,not met,not met,pre19-21
BeringChukchi,2021,winter,29,2160.0,0,72.4,95.46,7,29,0,0,0,0.0,0.0,0.0,0.1547,0.1547,0.9333,not met,not met,pre19-21
BeringChukchi,2021,melt,28,2928.0,0,95.46,167.86,3,28,0,0,0,0.0,0.0,0.0,0.0489,0.0489,0.9426,not met,not met,pre19-21
BeringChukchi,2021,freeze-up,31,2208.0,0,72.4,95.46,8,31,0,0,0,0.0,0.0,0.0,0.1729,0.1729,0.9675,not met,not met,pre19-21
BeringChukchi,2022,winter,28,2160.0,0,72.4,95.46,6,28,0,0,0,0.0,0.0,0.0,0.1326,0.1326,0.9333,not met,not met,during22-24
BeringChukchi,2022,melt,24,2928.0,0,120.14,167.86,0,24,0,0,0,0.0,0.0,0.0,0.0,0.0,0.9263,not met,not met,during22-24
BeringChukchi,2022,freeze-up,22,2208.0,0,95.46,120.14,1,22,0,0,0,0.0,0.0,0.0,0.0216,0.0216,0.9131,not met,not met,during22-24
BeringChukchi,2023,winter,23,2160.0,0,95.46,120.14,0,23,0,0,0,0.0,0.0,0.0,0.0,0.0,0.9669,not met,not met,during22-24
BeringChukchi,2023,melt,26,2928.0,0,120.14,167.86,0,26,0,0,0,0.0,0.0,0.0,0.0,0.0,0.9836,not met,not met,during22-24
BeringChukchi,2023,freeze-up,21,2208.0,0,95.46,120.14,0,21,0,0,0,0.0,0.0,0.0,0.0,0.0,0.9131,not met,not met,during22-24
BeringChukchi,2024,winter,25,2184.0,0,72.4,95.46,8,25,0,0,0,0.0,0.0,0.0,0.1643,0.1643,0.7581,not met,not met,during22-24
BeringChukchi,2024,melt,27,2928.0,0,95.46,167.86,5,27,0,0,0,0.0,0.0,0.0,0.0815,0.0815,0.8032,not met,not met,during22-24
BeringChukchi,2024,freeze-up,29,2208.0,0,72.4,95.46,6,29,0,0,0,0.0,0.0,0.0,0.1297,0.1297,0.9563,not met,not met,during22-24
BeringChukchi,2025,winter,29,2160.0,0,72.4,95.46,8,29,0,0,0,0.0,0.0,0.0,0.1768,0.1768,0.989,not met,not met,post25-26
BeringChukchi,2025,melt,36,2928.0,0,82.88,120.14,3,27,0,9,0,0.0,0.0107,0.0107,0.0596,0.0596,0.9546,not met,not met,post25-26
BeringChukchi,2025,freeze-up,37,2208.0,0,72.4,84.99,8,31,0,6,0,0.0,0.0285,0.0285,0.2014,0.2014,0.9675,not met,not met,post25-26
BeringChukchi,2026,winter,35,2160.0,0,72.4,84.98,6,27,0,8,0,0.0,0.0388,0.0388,0.1714,0.1714,0.849,not met,not met,post25-26
BeringChukchi,2026,melt,28,2327.8,1,84.96,120.14,1,0,0,7,21,0.0,0.027,0.027,0.0373,0.0373,0.81,not met,not met,post25-26
GreenlandSea_Fram,2016,winter,142,2184.0,0,14.91,23.05,513,142,0,0,0,0.0023,0.2274,0.7943,0.9931,0.9931,0.9931,partial,not met,2016-18
GreenlandSea_Fram,2016,melt,172,2928.0,0,14.91,23.05,610,165,7,0,0,0.0011,0.1949,0.7661,0.8967,0.8967,0.8967,partial,not met,2016-18
GreenlandSea_Fram,2016,freeze-up,182,2208.0,0,14.09,23.04,870,137,45,0,0,0.0097,0.2779,0.9478,0.9891,0.9891,0.9891,met,not met,2016-18
GreenlandSea_Fram,2017,winter,162,2160.0,0,14.09,23.85,729,115,47,0,0,0.0103,0.2193,0.8925,0.9489,0.9489,0.989,met,not met,2016-18
GreenlandSea_Fram,2017,melt,200,2928.0,0,23.04,23.88,790,100,100,0,0,0.0218,0.0218,0.9836,0.992,0.992,0.992,met,not met,2016-18
GreenlandSea_Fram,2017,freeze-up,152,2208.0,0,23.04,23.87,608,75,77,0,0,0.0223,0.0223,0.9894,0.9894,0.9894,0.9894,met,not met,2016-18
GreenlandSea_Fram,2018,winter,147,2160.0,0,23.04,23.87,583,75,72,0,0,0.022,0.022,0.9669,0.989,0.989,0.989,met,not met,2016-18
GreenlandSea_Fram,2018,melt,217,2928.0,0,23.04,23.88,994,117,100,0,0,0.0271,0.0304,0.9415,0.992,0.992,0.992,met,not met,2016-18
GreenlandSea_Fram,2018,freeze-up,227,2208.0,0,0.84,23.05,1372,104,123,0,0,0.043,0.1233,0.9894,0.9894,0.9894,0.9894,met,not met,2016-18
GreenlandSea_Fram,2019,winter,155,2160.0,0,23.04,23.87,636,75,80,0,0,0.0227,0.0476,0.9672,0.9893,0.9893,0.9893,met,not met,pre19-21
GreenlandSea_Fram,2019,melt,208,2928.0,0,23.04,23.87,867,99,109,0,0,0.0199,0.071,0.9619,0.9951,0.9951,0.9951,met,not met,pre19-21
GreenlandSea_Fram,2019,freeze-up,168,2208.0,0,14.1,23.85,737,77,91,0,0,0.0223,0.0908,0.9894,0.9894,0.9894,0.9894,met,not met,pre19-21
GreenlandSea_Fram,2020,winter,163,2184.0,0,14.11,23.87,702,76,87,0,0,0.0218,0.0813,0.9894,0.9894,0.9894,0.9894,met,not met,pre19-21
GreenlandSea_Fram,2020,melt,207,2928.0,0,23.04,23.87,859,99,108,0,0,0.0204,0.0633,0.976,0.992,0.992,0.992,met,not met,pre19-21
GreenlandSea_Fram,2020,freeze-up,163,2208.0,0,14.11,23.85,693,77,86,0,0,0.0208,0.0857,0.9671,0.9895,0.9895,0.9895,met,not met,pre19-21
GreenlandSea_Fram,2021,winter,157,2160.0,0,23.04,23.85,663,74,83,0,0,0.0224,0.0585,0.9893,0.9893,0.9893,0.9893,met,not met,pre19-21
GreenlandSea_Fram,2021,melt,202,2928.0,0,23.04,23.88,826,99,103,0,0,0.0196,0.0527,0.9749,0.9918,0.9918,0.9918,met,not met,pre19-21
GreenlandSea_Fram,2021,freeze-up,157,2208.0,0,14.11,23.86,674,75,82,0,0,0.0204,0.0728,0.9127,0.9895,0.9895,0.9895,met,not met,pre19-21
GreenlandSea_Fram,2022,winter,72,2160.0,0,24.68,47.73,113,72,0,0,0,0.0,0.0,0.2027,0.989,0.989,0.989,not met,not met,during22-24
GreenlandSea_Fram,2022,melt,99,2928.0,0,24.69,47.73,161,99,0,0,0,0.0,0.0,0.2204,0.9673,0.9673,0.992,not met,not met,during22-24
GreenlandSea_Fram,2022,freeze-up,75,2208.0,0,24.68,47.73,122,75,0,0,0,0.0,0.0,0.2192,0.9786,0.9786,0.9786,not met,not met,during22-24
GreenlandSea_Fram,2023,winter,73,2160.0,0,24.69,47.73,118,73,0,0,0,0.0,0.0,0.224,0.9554,0.9554,0.989,not met,not met,during22-24
GreenlandSea_Fram,2023,melt,101,2928.0,0,24.69,47.73,167,101,0,0,0,0.0,0.0,0.2282,0.992,0.992,0.992,not met,not met,during22-24
GreenlandSea_Fram,2023,freeze-up,74,2208.0,0,24.68,47.73,121,74,0,0,0,0.0,0.0,0.2191,0.9675,0.9675,0.9675,not met,not met,during22-24
GreenlandSea_Fram,2024,winter,75,2184.0,0,24.68,47.73,122,75,0,0,0,0.0,0.0,0.2216,0.9894,0.9894,0.9894,not met,not met,during22-24
GreenlandSea_Fram,2024,melt,100,2928.0,0,24.68,47.73,164,100,0,0,0,0.0,0.0,0.2361,0.9668,0.9668,0.9915,not met,not met,during22-24
GreenlandSea_Fram,2024,freeze-up,75,2208.0,0,24.68,47.73,123,75,0,0,0,0.0,0.0,0.2296,0.9563,0.9563,0.9891,not met,not met,during22-24
GreenlandSea_Fram,2025,winter,79,2160.0,0,24.68,47.73,145,76,0,3,0,0.0008,0.0053,0.2907,0.9886,0.9886,0.9886,not met,not met,post25-26
GreenlandSea_Fram,2025,melt,181,2928.0,0,23.05,23.88,653,97,0,84,0,0.017,0.017,0.9426,0.992,0.992,0.992,met,not met,post25-26
GreenlandSea_Fram,2025,freeze-up,125,2208.0,0,23.85,23.88,410,68,0,57,0,0.0137,0.0137,0.9026,0.9891,0.9891,0.9891,met,not met,post25-26
GreenlandSea_Fram,2026,winter,123,2160.0,0,23.85,23.88,406,64,0,59,0,0.0136,0.0136,0.9227,0.989,0.989,0.989,met,not met,post25-26
GreenlandSea_Fram,2026,melt,139,2327.8,1,23.86,23.87,476,22,0,53,64,0.01,0.01,0.8447,0.9898,0.9898,0.9898,met,not met,post25-26
KaraGate,2016,winter,66,2184.0,0,34.39,47.74,99,66,0,0,0,0.0,0.0,0.149,0.8574,0.9073,0.9836,not met,not met,2016-18
KaraGate,2016,melt,85,2928.0,0,34.39,47.74,144,80,5,0,0,0.0,0.0148,0.1865,0.7984,0.8192,0.8934,not met,not met,2016-18
KaraGate,2016,freeze-up,98,2208.0,0,23.85,38.02,238,68,30,0,0,0.0,0.1401,0.4745,0.9334,0.9938,0.9938,not met,not met,2016-18
KaraGate,2017,winter,81,2160.0,0,23.87,47.73,180,53,28,0,0,0.0,0.0926,0.4244,0.7803,0.8933,0.9665,not met,not met,2016-18
KaraGate,2017,melt,79,2928.0,0,23.87,72.4,114,51,28,0,0,0.0,0.0,0.3749,0.5705,0.7363,0.9836,not met,not met,2016-18
KaraGate,2017,freeze-up,61,2208.0,0,23.87,72.4,88,38,23,0,0,0.0,0.0,0.3891,0.5836,0.7595,0.9891,not met,not met,2016-18
KaraGate,2018,winter,57,2160.0,0,23.87,72.4,79,37,20,0,0,0.0,0.0,0.3535,0.5524,0.7097,0.989,not met,not met,2016-18
KaraGate,2018,melt,79,2928.0,0,23.87,72.4,125,45,34,0,0,0.0008,0.0008,0.3594,0.5977,0.6711,0.9673,not met,not met,2016-18
KaraGate,2018,freeze-up,63,2208.0,0,24.28,48.46,97,41,22,0,0,0.0019,0.0019,0.2829,0.7494,0.8583,0.9783,not met,not met,2016-18
KaraGate,2019,winter,49,2160.0,0,47.73,72.4,57,35,14,0,0,0.0,0.0,0.2099,0.5413,0.6537,0.9665,not met,not met,pre19-21
KaraGate,2019,melt,54,2928.0,0,23.87,120.14,60,31,23,0,0,0.0,0.0,0.2526,0.3015,0.3015,0.9097,not met,not met,pre19-21
KaraGate,2019,freeze-up,53,2208.0,0,23.87,96.28,68,31,22,0,0,0.0,0.0,0.3783,0.4215,0.4655,0.9675,not met,not met,pre19-21
KaraGate,2020,winter,60,2184.0,0,23.87,72.4,85,37,23,0,0,0.0,0.0,0.4043,0.5354,0.7238,0.989,not met,not met,pre19-21
KaraGate,2020,melt,58,2928.0,0,23.88,105.82,68,28,30,0,0,0.0,0.0,0.2363,0.3667,0.4331,0.9836,not met,not met,pre19-21
KaraGate,2020,freeze-up,59,2208.0,0,23.88,72.4,83,38,21,0,0,0.0,0.0,0.3783,0.5512,0.6831,0.9891,not met,not met,pre19-21
KaraGate,2021,winter,58,2160.0,0,23.88,72.4,82,35,23,0,0,0.0,0.0,0.3756,0.5303,0.7433,0.9779,not met,not met,pre19-21
KaraGate,2021,melt,60,2928.0,0,47.73,96.28,72,29,31,0,0,0.0,0.0,0.2363,0.383,0.4904,0.9918,not met,not met,pre19-21
KaraGate,2021,freeze-up,54,2208.0,0,23.88,72.4,72,33,21,0,0,0.0,0.0,0.335,0.4431,0.6399,0.9675,not met,not met,pre19-21
KaraGate,2022,winter,30,2160.0,0,47.73,120.14,15,30,0,0,0,0.0,0.0,0.0,0.3314,0.3314,0.9333,not met,not met,during22-24
KaraGate,2022,melt,21,2928.0,0,120.14,288.0,7,21,0,0,0,0.0,0.0,0.0,0.1141,0.1141,0.4423,not met,not met,during22-24
KaraGate,2022,freeze-up,25,2208.0,0,72.41,120.14,11,25,0,0,0,0.0,0.0,0.0,0.2378,0.2378,0.8586,not met,not met,during22-24
KaraGate,2023,winter,22,2160.0,0,120.14,167.86,7,22,0,0,0,0.0,0.0,0.0,0.1547,0.1547,0.9554,not met,not met,during22-24
KaraGate,2023,melt,23,2928.0,0,120.14,283.23,8,23,0,0,0,0.0,0.0,0.0,0.1304,0.1304,0.4834,not met,not met,during22-24
KaraGate,2023,freeze-up,23,2208.0,0,96.27,120.14,9,23,0,0,0,0.0,0.0,0.0,0.1945,0.1945,0.8258,not met,not met,during22-24
KaraGate,2024,winter,21,2184.0,0,120.14,167.86,7,21,0,0,0,0.0,0.0,0.0,0.153,0.153,0.8131,not met,not met,during22-24
KaraGate,2024,melt,26,2928.0,0,72.41,240.27,11,26,0,0,0,0.0,0.0,0.0,0.1793,0.1793,0.4749,not met,not met,during22-24
KaraGate,2024,freeze-up,30,2208.0,0,72.41,120.14,14,30,0,0,0,0.0,0.0,0.0,0.3026,0.3026,0.9675,not met,not met,during22-24
KaraGate,2025,winter,29,2160.0,0,60.07,120.14,14,29,0,0,0,0.0,0.0,0.0,0.3093,0.3093,0.9554,not met,not met,post25-26
KaraGate,2025,melt,42,2928.0,0,47.73,143.99,38,29,0,13,0,0.0,0.0,0.0897,0.2853,0.3516,0.7051,not met,not met,post25-26
KaraGate,2025,freeze-up,52,2208.0,0,47.73,72.41,61,39,0,13,0,0.0,0.0,0.1946,0.5837,0.7595,0.9891,not met,not met,post25-26
KaraGate,2026,winter,50,2160.0,0,47.73,72.41,60,36,0,14,0,0.0,0.0,0.21,0.5635,0.6983,0.9665,not met,not met,post25-26
KaraGate,2026,melt,38,2327.8,1,47.73,101.04,33,6,0,11,21,0.0002,0.0002,0.0823,0.2666,0.3589,0.8658,not met,not met,post25-26
LancasterSound,2016,winter,49,2184.0,0,25.99,96.34,50,49,0,0,0,0.0024,0.0024,0.1218,0.3405,0.3723,0.9668,not met,not met,2016-18
LancasterSound,2016,melt,55,2928.0,0,36.86,95.46,56,51,4,0,0,0.0012,0.0045,0.092,0.2932,0.3522,0.8608,not met,not met,2016-18
LancasterSound,2016,freeze-up,54,2208.0,0,25.99,72.41,66,32,22,0,0,0.0022,0.0198,0.1367,0.3292,0.6576,0.9837,not met,not met,2016-18
LancasterSound,2017,winter,76,2160.0,0,23.85,71.61,151,38,38,0,0,0.0045,0.0698,0.3323,0.5386,0.6936,0.989,not met,not met,2016-18
LancasterSound,2017,melt,130,2928.0,0,23.85,24.05,332,59,71,0,0,0.0056,0.0056,0.7877,0.9918,0.9918,0.9918,partial,not met,2016-18
LancasterSound,2017,freeze-up,99,2208.0,0,23.85,23.88,252,46,53,0,0,0.0059,0.0059,0.7945,0.9891,0.9891,0.9891,partial,not met,2016-18
LancasterSound,2018,winter,98,2160.0,0,23.85,37.99,248,44,54,0,0,0.0053,0.0429,0.7193,0.8895,0.989,0.989,partial,not met,2016-18
LancasterSound,2018,melt,126,2928.0,0,23.85,24.68,313,60,66,0,0,0.0048,0.0048,0.7709,0.9507,0.9839,0.9839,partial,not met,2016-18
LancasterSound,2018,freeze-up,98,2208.0,0,23.85,23.88,247,46,52,0,0,0.0056,0.0056,0.8053,0.9566,0.9891,0.9891,met,not met,2016-18
LancasterSound,2019,winter,97,2160.0,0,23.85,37.99,250,43,54,0,0,0.0057,0.0339,0.7218,0.8895,0.989,0.989,partial,not met,pre19-21
LancasterSound,2019,melt,131,2928.0,0,23.85,23.88,334,60,71,0,0,0.0053,0.0053,0.8122,0.992,0.992,0.992,met,not met,pre19-21
LancasterSound,2019,freeze-up,98,2208.0,0,23.85,23.88,249,45,53,0,0,0.0056,0.0056,0.8053,0.9566,0.9891,0.9891,met,not met,pre19-21
LancasterSound,2020,winter,98,2184.0,0,23.85,37.99,251,42,56,0,0,0.0056,0.0335,0.7247,0.8907,0.989,0.989,partial,not met,pre19-21
LancasterSound,2020,melt,134,2928.0,0,23.85,23.88,348,61,73,0,0,0.0059,0.0059,0.8369,0.992,0.992,0.992,met,not met,pre19-21
LancasterSound,2020,freeze-up,100,2208.0,0,23.85,23.88,261,46,54,0,0,0.0056,0.0056,0.8374,0.9783,0.9783,0.9783,met,not met,pre19-21
LancasterSound,2021,winter,90,2160.0,0,23.85,47.73,211,41,49,0,0,0.0053,0.0053,0.7124,0.867,0.989,0.989,partial,not met,pre19-21
LancasterSound,2021,melt,131,2928.0,0,23.85,23.88,334,61,70,0,0,0.0056,0.0056,0.8125,0.9918,0.9918,0.9918,met,not met,pre19-21
LancasterSound,2021,freeze-up,92,2208.0,0,23.85,47.73,228,44,48,0,0,0.0048,0.0048,0.7289,0.9563,0.9563,0.9563,partial,not met,pre19-21
LancasterSound,2022,winter,38,2160.0,0,47.73,95.45,25,38,0,0,0,0.0,0.0,0.0,0.4884,0.4884,0.9669,not met,not met,during22-24
LancasterSound,2022,melt,55,2928.0,0,47.73,72.41,38,55,0,0,0,0.0,0.0,0.0,0.5801,0.5801,0.9836,not met,not met,during22-24
LancasterSound,2022,freeze-up,43,2208.0,0,47.73,72.41,34,43,0,0,0,0.0,0.0,0.0,0.6619,0.6619,0.9786,not met,not met,during22-24
LancasterSound,2023,winter,40,2160.0,0,47.73,77.02,28,40,0,0,0,0.0,0.0,0.0,0.544,0.544,0.9775,not met,not met,during22-24
LancasterSound,2023,melt,53,2928.0,0,47.73,72.41,36,53,0,0,0,0.0,0.0,0.0,0.5553,0.5553,0.9836,not met,not met,during22-24
LancasterSound,2023,freeze-up,44,2208.0,0,47.73,72.41,34,44,0,0,0,0.0,0.0,0.0,0.6619,0.6619,0.9675,not met,not met,during22-24
LancasterSound,2024,winter,43,2184.0,0,47.73,72.41,33,43,0,0,0,0.0,0.0,0.0,0.6367,0.6367,0.9562,not met,not met,during22-24
LancasterSound,2024,melt,55,2928.0,0,47.73,72.41,39,55,0,0,0,0.0,0.0,0.0,0.5964,0.5964,0.9836,not met,not met,during22-24
LancasterSound,2024,freeze-up,45,2208.0,0,47.73,72.41,35,45,0,0,0,0.0,0.0,0.0,0.6835,0.6835,0.9891,not met,not met,during22-24
LancasterSound,2025,winter,45,2160.0,0,47.73,72.41,42,42,0,3,0,0.0,0.0,0.0552,0.6213,0.6213,0.9886,not met,not met,post25-26
LancasterSound,2025,melt,118,2928.0,0,23.88,33.9,278,54,0,64,0,0.0031,0.0031,0.7121,0.9016,0.9836,0.9836,partial,not met,post25-26
LancasterSound,2025,freeze-up,101,2208.0,0,23.85,23.89,264,48,0,53,0,0.006,0.006,0.8269,0.9891,0.9891,0.9891,met,not met,post25-26
LancasterSound,2026,winter,78,2160.0,0,23.88,47.73,156,31,0,47,0,0.0049,0.0098,0.5021,0.7566,0.8229,0.989,partial,not met,post25-26
LancasterSound,2026,melt,111,2327.8,1,23.86,26.98,296,14,0,47,50,0.006,0.006,0.7123,0.9591,0.9898,0.9898,partial,not met,post25-26
LongStrait,2016,winter,8,2184.0,0,288.0,288.0,0,8,0,0,0,0.0,0.0,0.0,0.0,0.0,0.0,not met,not met,2016-18
LongStrait,2016,melt,10,2928.0,0,288.0,345.6,1,9,1,0,0,0.0,0.0,0.0081,0.0081,0.0081,0.0081,not met,not met,2016-18
LongStrait,2016,freeze-up,23,2208.0,0,96.29,167.87,9,7,16,0,0,0.0,0.0095,0.0756,0.0756,0.0756,0.7934,not met,not met,2016-18
LongStrait,2017,winter,38,2160.0,0,47.73,153.54,34,13,25,0,0,0.0,0.034,0.0994,0.2258,0.3157,0.9779,not met,not met,2016-18
LongStrait,2017,melt,30,2928.0,0,47.73,192.55,19,0,30,0,0,0.0,0.0,0.0,0.3097,0.3097,0.3097,not met,not met,2016-18
LongStrait,2017,freeze-up,20,2208.0,0,47.73,192.55,12,0,20,0,0,0.0,0.0,0.0,0.2594,0.2594,0.2594,not met,not met,2016-18
LongStrait,2018,winter,23,2160.0,0,47.73,192.55,15,0,23,0,0,0.0,0.0,0.0,0.3314,0.3314,0.3314,not met,not met,2016-18
LongStrait,2018,melt,24,2928.0,0,47.73,240.27,14,0,24,0,0,0.0,0.0,0.0,0.2282,0.2282,0.2282,not met,not met,2016-18
LongStrait,2018,freeze-up,35,2208.0,0,47.73,96.28,32,13,22,0,0,0.0,0.0,0.0865,0.3675,0.4554,0.7819,not met,not met,2016-18
LongStrait,2019,winter,41,2160.0,0,47.73,96.26,43,21,20,0,0,0.0,0.0,0.1547,0.4198,0.5097,0.9554,not met,not met,pre19-21
LongStrait,2019,melt,37,2928.0,0,47.73,240.27,34,13,24,0,0,0.0,0.0,0.0815,0.2608,0.3271,0.557,not met,not met,pre19-21
LongStrait,2019,freeze-up,37,2208.0,0,47.73,96.28,35,15,22,0,0,0.0,0.0,0.1513,0.3026,0.3026,0.9567,not met,not met,pre19-21
LongStrait,2020,winter,37,2184.0,0,47.73,96.28,37,13,24,0,0,0.0,0.0,0.153,0.3497,0.3497,0.8786,not met,not met,pre19-21
LongStrait,2020,melt,26,2928.0,0,47.73,240.27,16,1,25,0,0,0.0,0.0,0.0,0.2445,0.2611,0.3103,not met,not met,pre19-21
LongStrait,2020,freeze-up,30,2208.0,0,47.73,143.99,22,6,24,0,0,0.0,0.0,0.0,0.3459,0.4778,0.8691,not met,not met,pre19-21
LongStrait,2021,winter,31,2160.0,0,47.73,143.99,27,10,21,0,0,0.0,0.0,0.0442,0.3093,0.4667,0.9333,not met,not met,pre19-21
LongStrait,2021,melt,36,2928.0,0,47.73,240.27,33,10,26,0,0,0.0,0.0,0.0734,0.2527,0.3356,0.5815,not met,not met,pre19-21
LongStrait,2021,freeze-up,32,2208.0,0,47.73,143.99,31,13,19,0,0,0.0,0.0,0.0973,0.2486,0.4025,0.8482,not met,not met,pre19-21
LongStrait,2022,winter,13,2160.0,0,167.86,275.99,0,13,0,0,0,0.0,0.0,0.0,0.0,0.0,0.6667,not met,not met,during22-24
LongStrait,2022,melt,10,2928.0,0,120.14,167.86,0,10,0,0,0,0.0,0.0,0.0,0.0,0.0,0.4345,not met,not met,during22-24
LongStrait,2022,freeze-up,15,2208.0,0,144.0,167.86,0,15,0,0,0,0.0,0.0,0.0,0.0,0.0,0.9131,not met,not met,during22-24
LongStrait,2023,winter,15,2160.0,0,144.0,167.86,0,15,0,0,0,0.0,0.0,0.0,0.0,0.0,0.9333,not met,not met,during22-24
LongStrait,2023,melt,9,2928.0,0,120.14,203.9,1,9,0,0,0,0.0,0.0,0.0,0.0163,0.0163,0.2951,not met,not met,during22-24
LongStrait,2023,freeze-up,14,2208.0,0,167.86,263.97,0,14,0,0,0,0.0,0.0,0.0,0.0,0.0,0.7066,not met,not met,during22-24
LongStrait,2024,winter,13,2184.0,0,167.86,275.99,0,13,0,0,0,0.0,0.0,0.0,0.0,0.0,0.6593,not met,not met,during22-24
LongStrait,2024,melt,9,2928.0,0,144.0,167.86,0,9,0,0,0,0.0,0.0,0.0,0.0,0.0,0.3934,not met,not met,during22-24
LongStrait,2024,freeze-up,14,2208.0,0,167.86,263.97,0,14,0,0,0,0.0,0.0,0.0,0.0,0.0,0.7282,not met,not met,during22-24
LongStrait,2025,winter,15,2160.0,0,144.0,167.86,0,15,0,0,0,0.0,0.0,0.0,0.0,0.0,0.9333,not met,not met,post25-26
LongStrait,2025,melt,33,2928.0,0,47.73,240.27,30,9,0,24,0,0.0,0.0,0.057,0.2364,0.3193,0.5241,not met,not met,post25-26
LongStrait,2025,freeze-up,47,2208.0,0,47.73,96.26,55,21,0,26,0,0.0,0.0,0.1729,0.4539,0.6623,0.9783,not met,not met,post25-26
LongStrait,2026,winter,37,2160.0,0,47.73,96.27,35,17,0,20,0,0.0,0.0,0.0994,0.3646,0.477,0.8891,not met,not met,post25-26
LongStrait,2026,melt,42,2327.8,1,47.73,48.55,40,0,0,20,22,0.0,0.0,0.0102,0.4819,0.7321,0.8142,not met,not met,post25-26
Sannikov_DmLaptev,2016,winter,13,2184.0,0,192.55,288.0,5,13,0,0,0,0.0,0.0,0.0,0.1093,0.1093,0.1093,not met,not met,2016-18
Sannikov_DmLaptev,2016,melt,29,2928.0,0,47.73,199.46,17,29,0,0,0,0.0,0.0,0.0,0.2378,0.2378,0.4423,not met,not met,2016-18
Sannikov_DmLaptev,2016,freeze-up,36,2208.0,0,47.73,144.01,41,20,16,0,0,0.0,0.0,0.0756,0.4125,0.4785,0.935,not met,not met,2016-18
Sannikov_DmLaptev,2017,winter,41,2160.0,0,24.69,144.01,56,20,21,0,0,0.0,0.0,0.1436,0.4895,0.5226,0.7669,not met,not met,2016-18
Sannikov_DmLaptev,2017,melt,84,2928.0,0,24.68,71.58,127,60,24,0,0,0.0014,0.0014,0.2704,0.7228,0.9184,0.9839,not met,not met,2016-18
Sannikov_DmLaptev,2017,freeze-up,60,2208.0,0,24.68,71.58,88,45,15,0,0,0.0,0.0,0.2378,0.7185,0.9675,0.9675,not met,not met,2016-18
Sannikov_DmLaptev,2018,winter,55,2160.0,0,24.69,71.58,74,39,16,0,0,0.0,0.0,0.1879,0.5795,0.989,0.989,not met,not met,2016-18
Sannikov_DmLaptev,2018,melt,37,2928.0,0,96.26,167.87,18,24,13,0,0,0.0,0.0,0.0815,0.1467,0.1957,0.9836,not met,not met,2016-18
Sannikov_DmLaptev,2018,freeze-up,55,2208.0,0,24.69,71.59,73,40,15,0,0,0.0,0.0,0.2054,0.6101,0.8695,0.9567,not met,not met,2016-18
Sannikov_DmLaptev,2019,winter,53,2160.0,0,24.69,71.58,69,38,15,0,0,0.0,0.0,0.1768,0.5463,0.9333,0.9779,not met,not met,pre19-21
Sannikov_DmLaptev,2019,melt,41,2928.0,0,48.53,167.87,36,23,18,0,0,0.0,0.0,0.0652,0.1962,0.4109,0.9918,not met,not met,pre19-21
Sannikov_DmLaptev,2019,freeze-up,27,2208.0,0,83.92,167.87,16,20,7,0,0,0.0,0.0,0.0757,0.142,0.1744,0.8695,not met,not met,pre19-21
Sannikov_DmLaptev,2020,winter,29,2184.0,0,59.66,134.46,17,22,7,0,0,0.0,0.0,0.0765,0.1978,0.2306,0.9453,not met,not met,pre19-21
Sannikov_DmLaptev,2020,melt,39,2928.0,0,48.56,150.59,24,29,10,0,0,0.0,0.0,0.0326,0.1804,0.3611,0.82,not met,not met,pre19-21
Sannikov_DmLaptev,2020,freeze-up,26,2208.0,0,71.58,167.86,16,18,8,0,0,0.0,0.0,0.0,0.1081,0.3917,0.783,not met,not met,pre19-21
Sannikov_DmLaptev,2021,winter,22,2160.0,0,95.46,167.86,10,16,6,0,0,0.0,0.0,0.0,0.0335,0.256,0.8442,not met,not met,pre19-21
Sannikov_DmLaptev,2021,melt,36,2928.0,0,71.59,172.32,19,25,11,0,0,0.0,0.0,0.0082,0.0913,0.3043,0.7217,not met,not met,pre19-21
Sannikov_DmLaptev,2021,freeze-up,27,2208.0,0,83.52,131.66,13,22,5,0,0,0.0,0.0,0.0,0.0991,0.2728,0.9347,not met,not met,pre19-21
Sannikov_DmLaptev,2022,winter,14,2160.0,0,120.14,321.25,4,14,0,0,0,0.0,0.0,0.0,0.0457,0.0457,0.4228,not met,not met,during22-24
Sannikov_DmLaptev,2022,melt,17,2928.0,0,144.0,359.6,3,17,0,0,0,0.0,0.0,0.0,0.0253,0.0253,0.3114,not met,not met,during22-24
Sannikov_DmLaptev,2022,freeze-up,4,2208.0,0,288.0,518.4,0,4,0,0,0,0.0,0.0,0.0,0.0,0.0,0.0,not met,not met,during22-24
Sannikov_DmLaptev,2023,winter,4,2160.0,0,288.0,288.01,0,4,0,0,0,0.0,0.0,0.0,0.0,0.0,0.0,not met,not met,during22-24
Sannikov_DmLaptev,2023,melt,15,2928.0,0,192.53,288.0,1,15,0,0,0,0.0,0.0,0.0,0.0084,0.0084,0.1962,not met,not met,during22-24
Sannikov_DmLaptev,2023,freeze-up,5,2208.0,0,432.0,576.0,0,5,0,0,0,0.0,0.0,0.0,0.0,0.0,0.0,not met,not met,during22-24
Sannikov_DmLaptev,2024,winter,3,2184.0,0,300.34,310.21,0,3,0,0,0,0.0,0.0,0.0,0.0,0.0,0.0,not met,not met,during22-24
Sannikov_DmLaptev,2024,melt,14,2928.0,0,167.86,288.0,2,14,0,0,0,0.0,0.0,0.0,0.0169,0.0169,0.2046,not met,not met,during22-24
Sannikov_DmLaptev,2024,freeze-up,17,2208.0,0,95.46,263.32,6,17,0,0,0,0.0,0.0,0.0,0.0671,0.0671,0.4248,not met,not met,during22-24
Sannikov_DmLaptev,2025,winter,15,2160.0,0,131.66,263.32,6,14,0,1,0,0.0,0.0,0.0,0.0686,0.0686,0.1905,not met,not met,post25-26
Sannikov_DmLaptev,2025,melt,33,2928.0,0,96.25,120.13,15,16,0,17,0,0.0,0.0,0.0081,0.0419,0.2864,0.8366,not met,not met,post25-26
Sannikov_DmLaptev,2025,freeze-up,25,2208.0,0,71.61,153.55,16,12,0,13,0,0.0,0.0,0.0,0.0671,0.3913,0.7394,not met,not met,post25-26
Sannikov_DmLaptev,2026,winter,18,2160.0,0,71.58,273.19,10,14,0,4,0,0.0,0.0,0.0,0.0686,0.2011,0.2567,not met,not met,post25-26
Sannikov_DmLaptev,2026,melt,15,2327.8,1,155.93,280.84,2,0,0,10,5,0.0,0.0,0.0205,0.0205,0.0205,0.567,not met,not met,post25-26
VictoriaStrait,2016,winter,7,2184.0,0,288.0,432.0,0,7,0,0,0,0.0,0.0,0.0,0.0,0.0,0.0,not met,not met,2016-18
VictoriaStrait,2016,melt,7,2928.0,0,221.26,576.0,0,6,1,0,0,0.0,0.0,0.0,0.0,0.0,0.0948,not met,not met,2016-18
VictoriaStrait,2016,freeze-up,34,2208.0,0,47.73,120.14,28,11,23,0,0,0.0,0.0095,0.0709,0.2438,0.3026,0.8367,not met,not met,2016-18
VictoriaStrait,2017,winter,40,2160.0,0,47.73,120.14,39,11,29,0,0,0.0,0.0049,0.1485,0.2934,0.4541,0.989,not met,not met,2016-18
VictoriaStrait,2017,melt,79,2928.0,0,23.88,72.41,114,29,50,0,0,0.0,0.0,0.375,0.5706,0.7363,0.9836,not met,not met,2016-18
VictoriaStrait,2017,freeze-up,58,2208.0,0,23.88,72.41,79,22,36,0,0,0.0,0.0,0.3783,0.5296,0.6615,0.9783,not met,not met,2016-18
VictoriaStrait,2018,winter,55,2160.0,0,35.8,72.41,72,17,38,0,0,0.0,0.0,0.2983,0.5635,0.7208,0.989,not met,not met,2016-18
VictoriaStrait,2018,melt,66,2928.0,0,47.73,72.41,79,18,48,0,0,0.0,0.0,0.2445,0.489,0.5553,0.9836,not met,not met,2016-18
VictoriaStrait,2018,freeze-up,60,2208.0,0,23.88,72.41,88,22,38,0,0,0.0,0.0,0.3891,0.5621,0.7379,0.9675,not met,not met,2016-18
VictoriaStrait,2019,winter,58,2160.0,0,23.88,72.41,81,22,36,0,0,0.0,0.0,0.3978,0.5304,0.6652,0.989,not met,not met,pre19-21
VictoriaStrait,2019,melt,72,2928.0,0,23.88,72.41,93,20,52,0,0,0.0,0.0,0.2934,0.5464,0.5961,0.9918,not met,not met,pre19-21
VictoriaStrait,2019,freeze-up,60,2208.0,0,23.88,72.41,89,22,38,0,0,0.0,0.0,0.3999,0.5729,0.7267,0.9563,not met,not met,pre19-21
VictoriaStrait,2020,winter,61,2184.0,0,23.88,72.41,91,23,38,0,0,0.0,0.0,0.4153,0.5682,0.746,0.9781,not met,not met,pre19-21
VictoriaStrait,2020,melt,72,2928.0,0,23.88,72.41,91,21,51,0,0,0.0,0.0,0.2934,0.5379,0.6208,0.9918,not met,not met,pre19-21
VictoriaStrait,2020,freeze-up,61,2208.0,0,23.88,72.41,91,23,38,0,0,0.0,0.0,0.4108,0.5621,0.7379,0.9675,not met,not met,pre19-21
VictoriaStrait,2021,winter,56,2160.0,0,23.88,72.41,79,22,34,0,0,0.0,0.0,0.3757,0.5304,0.6652,0.9554,not met,not met,pre19-21
VictoriaStrait,2021,melt,69,2928.0,0,47.73,72.41,83,19,50,0,0,0.0,0.0,0.269,0.4972,0.5879,0.9836,not met,not met,pre19-21
VictoriaStrait,2021,freeze-up,54,2208.0,0,23.88,72.41,72,22,32,0,0,0.0,0.0,0.3027,0.4972,0.6835,0.9675,not met,not met,pre19-21
VictoriaStrait,2022,winter,21,2160.0,0,120.13,124.91,6,21,0,0,0,0.0,0.0,0.0,0.1326,0.1326,0.9554,not met,not met,during22-24
VictoriaStrait,2022,melt,12,2928.0,0,120.13,120.14,3,12,0,0,0,0.0,0.0,0.0,0.0489,0.0489,0.3934,not met,not met,during22-24
VictoriaStrait,2022,freeze-up,24,2208.0,0,120.13,120.14,8,24,0,0,0,0.0,0.0,0.0,0.173,0.173,0.9891,not met,not met,during22-24
VictoriaStrait,2023,winter,22,2160.0,0,120.13,120.14,7,22,0,0,0,0.0,0.0,0.0,0.1547,0.1547,0.9333,not met,not met,during22-24
VictoriaStrait,2023,melt,18,2928.0,0,120.14,288.0,4,18,0,0,0,0.0,0.0,0.0,0.0652,0.0652,0.3934,not met,not met,during22-24
VictoriaStrait,2023,freeze-up,24,2208.0,0,120.13,120.14,8,24,0,0,0,0.0,0.0,0.0,0.173,0.173,0.9891,not met,not met,during22-24
VictoriaStrait,2024,winter,23,2184.0,0,120.13,120.14,8,23,0,0,0,0.0,0.0,0.0,0.1748,0.1748,0.9449,not met,not met,during22-24
VictoriaStrait,2024,melt,19,2928.0,0,120.13,288.0,5,19,0,0,0,0.0,0.0,0.0,0.0815,0.0815,0.4508,not met,not met,during22-24
VictoriaStrait,2024,freeze-up,22,2208.0,0,120.13,120.14,6,22,0,0,0,0.0,0.0,0.0,0.1297,0.1297,0.9675,not met,not met,during22-24
VictoriaStrait,2025,winter,23,2160.0,0,120.13,120.14,8,22,0,1,0,0.0,0.0,0.0,0.1326,0.1882,0.989,not met,not met,post25-26
VictoriaStrait,2025,melt,68,2928.0,0,34.39,72.41,86,16,0,52,0,0.0,0.0108,0.2175,0.4646,0.5554,0.9507,not met,not met,post25-26
VictoriaStrait,2025,freeze-up,69,2208.0,0,23.88,55.69,114,22,0,47,0,0.0,0.0381,0.3892,0.5949,0.7487,0.9891,not met,not met,post25-26
VictoriaStrait,2026,winter,55,2160.0,0,23.88,72.4,73,19,0,36,0,0.0,0.0194,0.2749,0.4862,0.6541,0.989,not met,not met,post25-26
VictoriaStrait,2026,melt,74,2327.8,1,23.87,72.28,120,7,0,38,29,0.0004,0.023,0.3386,0.5641,0.71,0.9898,not met,not met,post25-26
Vilkitsky,2016,winter,48,2184.0,0,47.73,72.41,44,48,0,0,0,0.0,0.0,0.0136,0.7573,0.7573,0.9781,not met,not met,2016-18
Vilkitsky,2016,melt,56,2928.0,0,47.73,80.55,51,52,4,0,0,0.0003,0.0003,0.0326,0.597,0.597,0.8934,not met,not met,2016-18
Vilkitsky,2016,freeze-up,69,2208.0,0,35.79,71.59,104,42,27,0,0,0.0072,0.0072,0.1249,0.6623,0.8683,0.9995,not met,not met,2016-18
Vilkitsky,2017,winter,53,2160.0,0,43.24,71.59,61,36,17,0,0,0.0031,0.0031,0.1577,0.4347,0.7886,0.989,not met,not met,2016-18
Vilkitsky,2017,melt,87,2928.0,0,23.87,71.59,149,52,35,0,0,0.0017,0.0017,0.3507,0.6481,0.7624,0.9673,not met,not met,2016-18
Vilkitsky,2017,freeze-up,62,2208.0,0,24.68,71.6,91,34,28,0,0,0.0011,0.0011,0.2813,0.6413,0.8694,0.9783,not met,not met,2016-18
Vilkitsky,2018,winter,62,2160.0,0,23.87,71.6,86,39,23,0,0,0.0019,0.0019,0.2864,0.5104,0.8442,0.989,not met,not met,2016-18
Vilkitsky,2018,melt,43,2928.0,0,72.41,96.28,21,25,18,0,0,0.0,0.0,0.0554,0.1869,0.2279,0.9673,not met,not met,2016-18
Vilkitsky,2018,freeze-up,43,2208.0,0,47.73,72.4,41,30,13,0,0,0.0,0.0,0.0634,0.3801,0.6731,0.9563,not met,not met,2016-18
Vilkitsky,2019,winter,42,2160.0,0,47.72,96.28,42,31,11,0,0,0.0,0.0,0.1082,0.288,0.5874,0.9665,not met,not met,pre19-21
Vilkitsky,2019,melt,19,2928.0,0,144.0,288.0,8,8,11,0,0,0.0,0.0,0.0163,0.0652,0.0897,0.2456,not met,not met,pre19-21
Vilkitsky,2019,freeze-up,18,2208.0,0,72.4,216.41,8,10,8,0,0,0.0,0.0,0.0,0.0,0.2594,0.4554,not met,not met,pre19-21
Vilkitsky,2020,winter,19,2184.0,0,71.59,183.0,10,7,12,0,0,0.0004,0.0004,0.0004,0.0878,0.2845,0.3391,not met,not met,pre19-21
Vilkitsky,2020,melt,44,2928.0,0,71.59,97.09,28,29,15,0,0,0.0003,0.0003,0.0649,0.1717,0.3437,0.91,not met,not met,pre19-21
Vilkitsky,2020,freeze-up,38,2208.0,0,48.56,96.27,27,18,20,0,0,0.0019,0.0019,0.0876,0.174,0.4345,0.859,not met,not met,pre19-21
Vilkitsky,2021,winter,45,2160.0,0,48.14,72.41,35,23,22,0,0,0.0019,0.0019,0.1558,0.2221,0.544,0.9779,not met,not met,pre19-21
Vilkitsky,2021,melt,41,2928.0,0,71.59,119.32,17,22,19,0,0,0.0017,0.0017,0.0419,0.0582,0.3027,0.8276,not met,not met,pre19-21
Vilkitsky,2021,freeze-up,34,2208.0,0,71.59,119.32,21,20,14,0,0,0.0019,0.0019,0.0771,0.1315,0.2936,0.761,not met,not met,pre19-21
Vilkitsky,2022,winter,16,2160.0,0,72.41,259.04,5,16,0,0,0,0.0,0.0,0.0107,0.0777,0.0777,0.3558,not met,not met,during22-24
Vilkitsky,2022,melt,20,2928.0,0,120.13,220.53,2,20,0,0,0,0.0,0.0,0.0,0.0326,0.0326,0.5902,not met,not met,during22-24
Vilkitsky,2022,freeze-up,16,2208.0,0,120.13,167.87,2,16,0,0,0,0.0,0.0,0.0,0.0328,0.0328,0.8042,not met,not met,during22-24
Vilkitsky,2023,winter,19,2160.0,0,96.27,167.87,5,19,0,0,0,0.0,0.0,0.0,0.1105,0.1105,0.8221,not met,not met,during22-24
Vilkitsky,2023,melt,7,2928.0,0,251.8,672.27,0,7,0,0,0,0.0,0.0,0.0,0.0,0.0,0.0658,not met,not met,during22-24
Vilkitsky,2023,freeze-up,11,2208.0,0,191.73,309.56,0,11,0,0,0,0.0,0.0,0.0,0.0,0.0,0.2072,not met,not met,during22-24
Vilkitsky,2024,winter,14,2184.0,0,120.13,215.6,2,14,0,0,0,0.0,0.0,0.0,0.0437,0.0437,0.4619,not met,not met,during22-24
Vilkitsky,2024,melt,11,2928.0,0,96.27,179.88,3,11,0,0,0,0.0,0.0,0.0,0.0489,0.0489,0.3114,not met,not met,during22-24
Vilkitsky,2024,freeze-up,23,2208.0,0,72.4,167.87,7,23,0,0,0,0.0,0.0,0.0,0.1513,0.1513,0.9891,not met,not met,during22-24
Vilkitsky,2025,winter,21,2160.0,0,72.4,215.6,5,20,0,1,0,0.0,0.0,0.011,0.0994,0.0994,0.6785,not met,not met,post25-26
Vilkitsky,2025,melt,42,2928.0,0,71.59,119.3,24,20,0,22,0,0.0008,0.0008,0.0334,0.2133,0.2622,0.91,not met,not met,post25-26
Vilkitsky,2025,freeze-up,41,2208.0,0,47.73,96.28,32,24,0,17,0,0.0022,0.0022,0.0563,0.3157,0.5426,0.9675,not met,not met,post25-26
Vilkitsky,2026,winter,35,2160.0,0,71.58,96.28,23,18,0,17,0,0.0019,0.0019,0.013,0.2232,0.5547,0.8556,not met,not met,post25-26
Vilkitsky,2026,melt,45,2327.8,1,47.73,112.4,41,6,0,18,21,0.0027,0.0027,0.1145,0.238,0.3511,0.9386,not met,not met,post25-26
