region,season,year,n_cells,n_acq_med,H_episode3,H_episode5,H_state3,H_state5,O24,O12,H_state3_lo,H_state3_hi
AKcorr_1,freeze-up,2016,33,17.0,0.1031,0.1377,0.4442,0.4697,0.0076,0.0003,0.4329,0.456
AKcorr_1,freeze-up,2017,33,22.0,0.1139,0.1526,0.4749,0.5018,0.0265,0.0,0.4654,0.4839
AKcorr_1,freeze-up,2018,33,29.0,0.1435,0.192,0.5162,0.5444,0.0459,0.0,0.5063,0.5263
AKcorr_1,freeze-up,2019,33,29.0,0.1493,0.1994,0.5181,0.546,0.0563,0.0,0.5057,0.5296
AKcorr_1,freeze-up,2020,33,27.0,0.139,0.1859,0.5084,0.5362,0.0498,0.0,0.4978,0.5188
AKcorr_1,freeze-up,2021,33,31.0,0.1691,0.226,0.556,0.5857,0.0517,0.0,0.544,0.5663
AKcorr_1,freeze-up,2022,33,15.0,0.1029,0.1384,0.4593,0.4858,0.0,0.0,0.4467,0.4724
AKcorr_1,freeze-up,2023,33,15.0,0.1033,0.139,0.465,0.492,0.0,0.0,0.4537,0.4764
AKcorr_1,freeze-up,2024,33,21.0,0.1281,0.1722,0.5001,0.5283,0.0,0.0,0.4905,0.5111
AKcorr_1,freeze-up,2025,33,38.0,0.1903,0.2539,0.5905,0.6217,0.0646,0.0017,0.5822,0.5983
AKcorr_1,melt,2016,33,4.0,0.029,0.0409,0.1286,0.1576,0.0002,0.0,0.1132,0.1447
AKcorr_1,melt,2017,33,31.0,0.1021,0.1429,0.3395,0.4109,0.0311,0.0,0.3313,0.3473
AKcorr_1,melt,2018,33,38.0,0.1297,0.181,0.3747,0.4492,0.0501,0.0,0.3676,0.3826
AKcorr_1,melt,2019,33,41.0,0.1339,0.1869,0.3803,0.4554,0.0558,0.0,0.3722,0.3887
AKcorr_1,melt,2020,33,32.0,0.1155,0.1614,0.3549,0.4272,0.0343,0.0,0.3463,0.363
AKcorr_1,melt,2021,33,33.0,0.1161,0.1624,0.3585,0.4317,0.0358,0.0,0.3493,0.3665
AKcorr_1,melt,2022,33,20.0,0.0906,0.1276,0.3282,0.399,0.0,0.0,0.3192,0.3373
AKcorr_1,melt,2023,33,21.0,0.0888,0.1251,0.3251,0.3955,0.0,0.0,0.3163,0.3341
AKcorr_1,melt,2024,33,24.0,0.0971,0.1367,0.3299,0.3992,0.0,0.0,0.3212,0.339
AKcorr_1,melt,2025,33,41.0,0.1433,0.2002,0.4044,0.4839,0.0371,0.0005,0.3993,0.4092
AKcorr_1,melt,2026,33,21.0,0.1117,0.1561,0.3558,0.4291,0.0233,0.0017,0.3501,0.363
AKcorr_1,winter,2016,33,3.0,0.0251,0.0301,0.1563,0.1773,0.0,0.0,0.1345,0.1792
AKcorr_1,winter,2017,33,33.0,0.1928,0.2265,0.4934,0.5352,0.0753,0.0016,0.4801,0.5058
AKcorr_1,winter,2018,33,22.0,0.1247,0.1487,0.4129,0.4542,0.0315,0.0,0.4037,0.4209
AKcorr_1,winter,2019,33,29.0,0.1665,0.1982,0.469,0.5109,0.0563,0.0,0.4579,0.4808
AKcorr_1,winter,2020,33,31.0,0.1712,0.2037,0.4735,0.5153,0.0609,0.0,0.4631,0.484
AKcorr_1,winter,2021,33,28.0,0.1697,0.2019,0.4738,0.5158,0.0522,0.0,0.4631,0.4844
AKcorr_1,winter,2022,33,21.0,0.1464,0.1753,0.451,0.4932,0.0,0.0,0.4402,0.4632
AKcorr_1,winter,2023,33,15.0,0.1139,0.1364,0.4047,0.4462,0.0,0.0,0.3927,0.4168
AKcorr_1,winter,2024,33,18.0,0.1369,0.1639,0.4288,0.4699,0.0,0.0,0.4184,0.4393
AKcorr_1,winter,2025,33,23.0,0.1466,0.1753,0.4437,0.4851,0.0047,0.0,0.4311,0.4563
AKcorr_1,winter,2026,33,33.0,0.1964,0.2337,0.5181,0.561,0.0492,0.0024,0.5094,0.5254
AKcorr_2,freeze-up,2016,39,18.0,0.1077,0.1429,0.4331,0.4574,0.0133,0.0001,0.4204,0.4462
AKcorr_2,freeze-up,2017,39,22.0,0.1226,0.1642,0.487,0.5143,0.0252,0.0,0.4744,0.4986
AKcorr_2,freeze-up,2018,39,29.0,0.1515,0.2027,0.5299,0.5586,0.046,0.0,0.5195,0.5401
AKcorr_2,freeze-up,2019,39,30.0,0.1691,0.2258,0.5512,0.5805,0.0654,0.0,0.5365,0.5652
AKcorr_2,freeze-up,2020,39,29.0,0.1546,0.2066,0.5326,0.5614,0.0561,0.0004,0.5212,0.5451
AKcorr_2,freeze-up,2021,39,31.0,0.1768,0.2362,0.5655,0.5953,0.061,0.0,0.5519,0.5793
AKcorr_2,freeze-up,2022,39,22.0,0.1086,0.1461,0.4716,0.4988,0.0,0.0,0.4594,0.4834
AKcorr_2,freeze-up,2023,39,21.0,0.1151,0.1549,0.4854,0.5133,0.0,0.0,0.4714,0.5001
AKcorr_2,freeze-up,2024,39,27.0,0.1353,0.1819,0.5145,0.5434,0.0,0.0,0.5032,0.5273
AKcorr_2,freeze-up,2025,39,38.0,0.1992,0.2655,0.6037,0.6353,0.0465,0.0066,0.5947,0.6131
AKcorr_2,melt,2016,39,4.0,0.0347,0.0488,0.1643,0.2019,0.0,0.0,0.1594,0.1694
AKcorr_2,melt,2017,39,32.0,0.1092,0.1528,0.3488,0.421,0.0299,0.0,0.3387,0.3583
AKcorr_2,melt,2018,39,38.0,0.1321,0.1843,0.3777,0.4524,0.0489,0.0,0.369,0.3855
AKcorr_2,melt,2019,39,41.0,0.1399,0.1952,0.389,0.465,0.0593,0.0,0.3808,0.397
AKcorr_2,melt,2020,39,32.0,0.1154,0.1612,0.3531,0.425,0.0408,0.0,0.3451,0.3607
AKcorr_2,melt,2021,39,33.0,0.1248,0.1744,0.37,0.4443,0.0401,0.0,0.3587,0.3806
AKcorr_2,melt,2022,39,24.0,0.0918,0.1293,0.3309,0.4021,0.0,0.0,0.3233,0.3386
AKcorr_2,melt,2023,39,26.0,0.093,0.131,0.3321,0.4033,0.0,0.0,0.3234,0.3405
AKcorr_2,melt,2024,39,27.0,0.0984,0.1385,0.3321,0.4017,0.0,0.0,0.3246,0.3404
AKcorr_2,melt,2025,39,41.0,0.1498,0.2092,0.4122,0.4922,0.0267,0.0025,0.4046,0.4197
AKcorr_2,melt,2026,39,28.0,0.1222,0.1699,0.3686,0.443,0.0212,0.0063,0.3622,0.3751
AKcorr_2,winter,2016,39,6.0,0.0377,0.0452,0.2203,0.2497,0.0,0.0,0.2153,0.2231
AKcorr_2,winter,2017,39,36.0,0.2115,0.2472,0.5112,0.5527,0.0897,0.0044,0.5034,0.5191
AKcorr_2,winter,2018,39,23.0,0.1311,0.1564,0.4217,0.463,0.0295,0.0,0.4113,0.4316
AKcorr_2,winter,2019,39,29.0,0.1791,0.2133,0.489,0.5314,0.0555,0.0,0.4765,0.5009
AKcorr_2,winter,2020,39,31.0,0.1809,0.2151,0.4864,0.5284,0.0714,0.0,0.4751,0.4986
AKcorr_2,winter,2021,39,29.0,0.185,0.2202,0.4955,0.5378,0.0626,0.0,0.4823,0.5093
AKcorr_2,winter,2022,39,28.0,0.1535,0.1838,0.4634,0.506,0.0,0.0,0.4522,0.474
AKcorr_2,winter,2023,39,23.0,0.1241,0.1486,0.4216,0.4635,0.0,0.0,0.4071,0.4357
AKcorr_2,winter,2024,39,24.0,0.1435,0.1718,0.4409,0.4823,0.0,0.0,0.4304,0.4508
AKcorr_2,winter,2025,39,29.0,0.1567,0.1874,0.4629,0.505,0.0045,0.0,0.4519,0.4738
AKcorr_2,winter,2026,39,34.0,0.2077,0.2466,0.5304,0.5734,0.0393,0.0087,0.5213,0.5408
AKcorr_3,freeze-up,2016,44,24.0,0.1298,0.1722,0.4742,0.5003,0.0163,0.0,0.4625,0.4852
AKcorr_3,freeze-up,2017,44,30.0,0.1523,0.2043,0.5369,0.5663,0.0052,0.0,0.5262,0.5459
AKcorr_3,freeze-up,2018,44,31.0,0.1677,0.2247,0.5605,0.5908,0.0248,0.0,0.5517,0.5688
AKcorr_3,freeze-up,2019,44,42.0,0.2183,0.2904,0.6155,0.6463,0.1159,0.0001,0.603,0.6279
AKcorr_3,freeze-up,2020,44,39.0,0.2,0.266,0.5933,0.6237,0.0886,0.0034,0.5797,0.6045
AKcorr_3,freeze-up,2021,44,45.0,0.2294,0.3054,0.6334,0.6649,0.1054,0.0,0.6196,0.6452
AKcorr_3,freeze-up,2022,44,22.0,0.1201,0.1615,0.4938,0.522,0.0,0.0,0.4854,0.5008
AKcorr_3,freeze-up,2023,44,29.0,0.1515,0.2035,0.544,0.5743,0.0,0.0,0.532,0.555
AKcorr_3,freeze-up,2024,44,27.0,0.1452,0.1952,0.5342,0.5641,0.0,0.0,0.5257,0.5424
AKcorr_3,freeze-up,2025,44,53.0,0.2673,0.353,0.6713,0.7031,0.1248,0.0078,0.6567,0.6856
AKcorr_3,melt,2016,44,4.0,0.0282,0.0397,0.1468,0.181,0.0,0.0,0.1419,0.1515
AKcorr_3,melt,2017,44,40.0,0.1345,0.1887,0.3885,0.4657,0.0061,0.0,0.3803,0.3959
AKcorr_3,melt,2018,44,39.5,0.1378,0.1934,0.3929,0.4702,0.01,0.0,0.3839,0.402
AKcorr_3,melt,2019,44,48.0,0.1608,0.224,0.4166,0.4955,0.0685,0.0,0.4094,0.4236
AKcorr_3,melt,2020,44,39.0,0.1346,0.1875,0.3789,0.4537,0.0595,0.0,0.3717,0.3853
AKcorr_3,melt,2021,44,48.0,0.1613,0.2249,0.4186,0.4981,0.0537,0.0,0.4077,0.4275
AKcorr_3,melt,2022,44,31.0,0.0993,0.1399,0.3438,0.4168,0.0,0.0,0.3377,0.3499
AKcorr_3,melt,2023,44,30.0,0.1089,0.1533,0.3567,0.4309,0.0,0.0,0.3502,0.3627
AKcorr_3,melt,2024,44,30.0,0.1036,0.1458,0.3398,0.4104,0.0,0.0,0.3327,0.3463
AKcorr_3,melt,2025,44,54.0,0.1897,0.2629,0.4503,0.5322,0.0562,0.0029,0.4415,0.4582
AKcorr_3,melt,2026,44,30.5,0.1461,0.2029,0.3985,0.4756,0.0114,0.0091,0.388,0.4101
AKcorr_3,winter,2016,44,6.0,0.041,0.0491,0.2338,0.2649,0.0,0.0,0.229,0.238
AKcorr_3,winter,2017,44,45.5,0.2519,0.2922,0.5537,0.5951,0.1218,0.0181,0.5449,0.5631
AKcorr_3,winter,2018,44,27.0,0.1567,0.1872,0.4631,0.5054,0.006,0.0,0.4549,0.4702
AKcorr_3,winter,2019,44,32.0,0.2034,0.2426,0.5283,0.5715,0.0334,0.0,0.5175,0.5384
AKcorr_3,winter,2020,44,41.0,0.2284,0.2709,0.5461,0.5887,0.1252,0.0,0.533,0.5592
AKcorr_3,winter,2021,44,40.0,0.2341,0.2777,0.5546,0.5974,0.1178,0.0,0.5407,0.5683
AKcorr_3,winter,2022,44,28.0,0.167,0.2,0.486,0.5291,0.0,0.0,0.4775,0.493
AKcorr_3,winter,2023,44,27.0,0.1517,0.1816,0.4642,0.5069,0.0,0.0,0.4541,0.4735
AKcorr_3,winter,2024,44,24.5,0.1547,0.1852,0.4607,0.5028,0.0,0.0,0.4538,0.4669
AKcorr_3,winter,2025,44,30.0,0.1719,0.2056,0.4895,0.5324,0.0007,0.0007,0.4803,0.497
AKcorr_3,winter,2026,44,47.0,0.284,0.3346,0.6062,0.6489,0.1082,0.0102,0.5878,0.6225
AKcorr_4,freeze-up,2016,47,28.0,0.1492,0.1977,0.4999,0.5266,0.0202,0.0,0.4866,0.5124
AKcorr_4,freeze-up,2017,47,29.0,0.1304,0.1743,0.4773,0.5036,0.0035,0.0035,0.4375,0.5121
AKcorr_4,freeze-up,2018,47,31.0,0.1458,0.1955,0.5184,0.5468,0.0145,0.0,0.492,0.5412
AKcorr_4,freeze-up,2019,47,41.0,0.2091,0.2766,0.59,0.6193,0.1409,0.0019,0.5731,0.6065
AKcorr_4,freeze-up,2020,47,39.0,0.1929,0.2555,0.5749,0.6042,0.0983,0.0084,0.5555,0.5905
AKcorr_4,freeze-up,2021,47,43.0,0.2134,0.2831,0.6022,0.6322,0.1199,0.0042,0.5813,0.6206
AKcorr_4,freeze-up,2022,47,22.0,0.1062,0.1428,0.4435,0.4689,0.0,0.0,0.4022,0.4766
AKcorr_4,freeze-up,2023,47,29.0,0.1414,0.1899,0.518,0.5468,0.0,0.0,0.4947,0.54
AKcorr_4,freeze-up,2024,47,27.0,0.1293,0.1738,0.499,0.5271,0.0,0.0,0.4771,0.5169
AKcorr_4,freeze-up,2025,47,54.0,0.2738,0.3618,0.6743,0.7056,0.1685,0.0067,0.6607,0.687
AKcorr_4,melt,2016,47,6.0,0.0233,0.0328,0.1261,0.1556,0.0,0.0,0.1218,0.1303
AKcorr_4,melt,2017,47,40.0,0.1145,0.1597,0.3347,0.4013,0.0048,0.0048,0.2978,0.368
AKcorr_4,melt,2018,47,33.0,0.1196,0.168,0.3578,0.4294,0.0,0.0,0.3335,0.3793
AKcorr_4,melt,2019,47,47.0,0.148,0.206,0.3914,0.4662,0.0704,0.0,0.3709,0.408
AKcorr_4,melt,2020,47,38.0,0.1419,0.1964,0.384,0.4585,0.0683,0.0048,0.3738,0.3945
AKcorr_4,melt,2021,47,48.0,0.1572,0.2179,0.4063,0.4833,0.0624,0.0053,0.3916,0.4205
AKcorr_4,melt,2022,47,31.0,0.0899,0.1266,0.31,0.3756,0.0,0.0,0.2813,0.3345
AKcorr_4,melt,2023,47,30.0,0.1052,0.148,0.3444,0.416,0.0,0.0,0.3296,0.3567
AKcorr_4,melt,2024,47,27.0,0.0972,0.1367,0.3243,0.3919,0.0,0.0,0.3113,0.3374
AKcorr_4,melt,2025,47,53.0,0.1817,0.2514,0.4332,0.5122,0.073,0.004,0.4179,0.4458
AKcorr_4,melt,2026,47,30.0,0.135,0.1877,0.3819,0.4569,0.0102,0.0076,0.3698,0.3927
AKcorr_4,winter,2016,47,7.0,0.0453,0.0543,0.2511,0.2842,0.0,0.0,0.2511,0.2511
AKcorr_4,winter,2017,47,50.0,0.2782,0.3227,0.5804,0.6218,0.1501,0.0226,0.5697,0.5918
AKcorr_4,winter,2018,47,27.0,0.1323,0.1579,0.4081,0.447,0.0029,0.0029,0.3736,0.4391
AKcorr_4,winter,2019,47,32.0,0.1756,0.2095,0.4848,0.5269,0.0209,0.0,0.4605,0.5077
AKcorr_4,winter,2020,47,41.0,0.2154,0.2551,0.523,0.565,0.1351,0.0,0.5047,0.5409
AKcorr_4,winter,2021,47,40.0,0.2295,0.2713,0.5405,0.5827,0.1348,0.0051,0.5224,0.5558
AKcorr_4,winter,2022,47,28.0,0.1496,0.179,0.4525,0.4943,0.0,0.0,0.43,0.4735
AKcorr_4,winter,2023,47,27.0,0.1403,0.1678,0.4382,0.4796,0.0,0.0,0.4175,0.4592
AKcorr_4,winter,2024,47,24.0,0.1394,0.1668,0.4324,0.4735,0.0,0.0,0.4128,0.4505
AKcorr_4,winter,2025,47,31.0,0.1574,0.1879,0.4609,0.5026,0.0027,0.0027,0.4377,0.4816
AKcorr_4,winter,2026,47,47.0,0.2834,0.3345,0.6053,0.648,0.1373,0.0065,0.5916,0.6202
AKcorr_5,freeze-up,2016,50,29.0,0.145,0.1911,0.4743,0.499,0.0257,0.0005,0.4616,0.4855
AKcorr_5,freeze-up,2017,50,11.0,0.0783,0.1042,0.3674,0.3887,0.0049,0.0049,0.3375,0.3962
AKcorr_5,freeze-up,2018,50,14.0,0.0769,0.103,0.3521,0.3725,0.0044,0.0011,0.3114,0.3887
AKcorr_5,freeze-up,2019,50,32.0,0.1672,0.2205,0.5262,0.5534,0.0794,0.0059,0.4979,0.5524
AKcorr_5,freeze-up,2020,50,26.0,0.1376,0.1826,0.4922,0.5189,0.0445,0.0071,0.4773,0.5086
AKcorr_5,freeze-up,2021,50,24.5,0.142,0.1884,0.4934,0.5197,0.0641,0.0049,0.4777,0.5097
AKcorr_5,freeze-up,2022,49,14.0,0.0682,0.0917,0.3339,0.3535,0.0,0.0,0.2913,0.3729
AKcorr_5,freeze-up,2023,49,16.0,0.0893,0.1197,0.3903,0.4127,0.0,0.0,0.3553,0.4228
AKcorr_5,freeze-up,2024,49,14.0,0.0849,0.1139,0.3828,0.405,0.0,0.0,0.3503,0.413
AKcorr_5,freeze-up,2025,50,47.0,0.2221,0.2913,0.6107,0.6408,0.1013,0.0276,0.5916,0.6298
AKcorr_5,melt,2016,50,5.5,0.0224,0.0316,0.1219,0.1505,0.0,0.0,0.1174,0.1258
AKcorr_5,melt,2017,50,10.0,0.0609,0.0842,0.2141,0.2593,0.0062,0.0062,0.1757,0.2481
AKcorr_5,melt,2018,50,14.0,0.0609,0.0854,0.2434,0.2964,0.0003,0.0003,0.2287,0.2603
AKcorr_5,melt,2019,50,24.0,0.1059,0.1472,0.3155,0.3786,0.0379,0.0014,0.297,0.3346
AKcorr_5,melt,2020,50,20.0,0.1219,0.1684,0.347,0.4156,0.0371,0.005,0.3324,0.3613
AKcorr_5,melt,2021,50,18.0,0.1114,0.1539,0.3313,0.3979,0.0317,0.0052,0.3186,0.3447
AKcorr_5,melt,2022,49,9.0,0.0587,0.0826,0.2297,0.2798,0.0,0.0,0.1975,0.258
AKcorr_5,melt,2023,49,10.0,0.0851,0.1193,0.2799,0.3378,0.0,0.0,0.2535,0.3064
AKcorr_5,melt,2024,49,10.0,0.0753,0.1055,0.2638,0.3194,0.0,0.0,0.2394,0.2852
AKcorr_5,melt,2025,50,27.0,0.1106,0.1534,0.3151,0.3772,0.0329,0.0042,0.2947,0.3349
AKcorr_5,melt,2026,50,29.0,0.126,0.1727,0.3572,0.4276,0.0244,0.0151,0.3474,0.3667
AKcorr_5,winter,2016,50,7.0,0.055,0.0659,0.2744,0.3089,0.0004,0.0,0.2641,0.2833
AKcorr_5,winter,2017,50,48.0,0.2657,0.3088,0.5601,0.601,0.1539,0.0207,0.5486,0.5704
AKcorr_5,winter,2018,50,16.0,0.0944,0.1125,0.3406,0.3771,0.0043,0.0043,0.3139,0.3653
AKcorr_5,winter,2019,50,13.0,0.0948,0.113,0.3255,0.3596,0.0062,0.0016,0.2888,0.3614
AKcorr_5,winter,2020,50,32.0,0.1725,0.2046,0.4624,0.5031,0.072,0.0027,0.4329,0.4887
AKcorr_5,winter,2021,50,26.0,0.1676,0.1982,0.4576,0.4985,0.0689,0.0064,0.4432,0.4736
AKcorr_5,winter,2022,49,13.0,0.0856,0.1023,0.3184,0.3533,0.0,0.0,0.2872,0.3454
AKcorr_5,winter,2023,49,15.0,0.0907,0.1085,0.3317,0.3674,0.0,0.0,0.3001,0.3601
AKcorr_5,winter,2024,49,16.0,0.1064,0.1271,0.3542,0.3903,0.0,0.0,0.3174,0.386
AKcorr_5,winter,2025,50,11.5,0.0958,0.1144,0.3376,0.3735,0.0004,0.0004,0.3084,0.3698
AKcorr_5,winter,2026,50,40.5,0.2242,0.2634,0.5342,0.5764,0.083,0.0256,0.5154,0.5516
AKcorr_6,freeze-up,2016,40,33.0,0.1699,0.2233,0.5178,0.5443,0.0349,0.0003,0.5092,0.5268
AKcorr_6,freeze-up,2017,40,19.5,0.1052,0.1393,0.4436,0.4689,0.0142,0.0107,0.4238,0.4632
AKcorr_6,freeze-up,2018,40,22.0,0.1216,0.1615,0.4717,0.498,0.0273,0.0079,0.4514,0.4929
AKcorr_6,freeze-up,2019,40,44.0,0.241,0.3158,0.6284,0.6584,0.1833,0.0208,0.6098,0.6448
AKcorr_6,freeze-up,2020,40,33.0,0.1817,0.2396,0.5621,0.5913,0.0851,0.0157,0.5422,0.5811
AKcorr_6,freeze-up,2021,40,34.0,0.1847,0.2442,0.5636,0.5926,0.0998,0.0104,0.5431,0.5847
AKcorr_6,freeze-up,2022,40,14.0,0.0891,0.1198,0.4176,0.4421,0.0,0.0,0.4036,0.4312
AKcorr_6,freeze-up,2023,40,15.0,0.0958,0.1288,0.4362,0.4616,0.0,0.0,0.4202,0.4535
AKcorr_6,freeze-up,2024,40,15.0,0.0936,0.1259,0.4337,0.4592,0.0,0.0,0.4174,0.4501
AKcorr_6,freeze-up,2025,40,53.0,0.2472,0.3212,0.6341,0.6643,0.152,0.0461,0.6211,0.6469
AKcorr_6,melt,2016,40,6.0,0.0301,0.0423,0.1505,0.1852,0.0,0.0,0.1354,0.1663
AKcorr_6,melt,2017,40,28.0,0.097,0.133,0.3112,0.3755,0.0234,0.0143,0.2923,0.3281
AKcorr_6,melt,2018,40,16.0,0.052,0.0729,0.2193,0.2681,0.0017,0.0017,0.2007,0.237
AKcorr_6,melt,2019,40,33.0,0.1412,0.1934,0.3575,0.4245,0.093,0.0099,0.3449,0.372
AKcorr_6,melt,2020,40,30.5,0.1478,0.2037,0.3869,0.4608,0.059,0.0079,0.3697,0.4049
AKcorr_6,melt,2021,40,32.0,0.1213,0.1679,0.3546,0.4253,0.0483,0.0059,0.344,0.3648
AKcorr_6,melt,2022,40,14.0,0.0717,0.1008,0.2752,0.3348,0.0,0.0,0.268,0.2818
AKcorr_6,melt,2023,40,12.0,0.0859,0.1208,0.2943,0.3558,0.0,0.0,0.2821,0.3051
AKcorr_6,melt,2024,40,12.5,0.0747,0.1051,0.2823,0.3433,0.0,0.0,0.2757,0.2886
AKcorr_6,melt,2025,40,34.0,0.1185,0.1639,0.3419,0.4096,0.0368,0.0083,0.3239,0.3591
AKcorr_6,melt,2026,40,36.0,0.144,0.1969,0.3753,0.4468,0.0701,0.0146,0.3634,0.3871
AKcorr_6,winter,2016,40,12.0,0.0692,0.0826,0.3022,0.3379,0.0026,0.0,0.2874,0.3137
AKcorr_6,winter,2017,40,59.5,0.3179,0.3676,0.611,0.6515,0.2327,0.0272,0.5979,0.6231
AKcorr_6,winter,2018,40,22.0,0.1348,0.1599,0.4279,0.4692,0.0146,0.0111,0.4092,0.448
AKcorr_6,winter,2019,40,24.0,0.1603,0.1896,0.4537,0.4948,0.0469,0.0105,0.4294,0.4782
AKcorr_6,winter,2020,40,46.0,0.2687,0.3157,0.5849,0.6272,0.1968,0.0184,0.5684,0.6024
AKcorr_6,winter,2021,40,36.0,0.2106,0.2481,0.5181,0.56,0.1114,0.0156,0.5,0.536
AKcorr_6,winter,2022,40,15.0,0.0929,0.1112,0.3562,0.395,0.0,0.0,0.3426,0.3716
AKcorr_6,winter,2023,40,15.0,0.1079,0.1292,0.3865,0.4266,0.0,0.0,0.3707,0.4019
AKcorr_6,winter,2024,40,17.0,0.1282,0.1534,0.4161,0.4568,0.0,0.0,0.4023,0.4298
AKcorr_6,winter,2025,40,12.5,0.0772,0.0924,0.3173,0.3532,0.0,0.0,0.3006,0.334
AKcorr_6,winter,2026,40,47.0,0.2565,0.2997,0.5642,0.606,0.1651,0.0346,0.551,0.5779
BaffinBay,freeze-up,2016,296,128.0,0.552,0.6705,0.8351,0.8581,0.6792,0.1941,0.8333,0.8369
BaffinBay,freeze-up,2017,296,79.0,0.392,0.5022,0.7551,0.7833,0.4665,0.0483,0.7509,0.7593
BaffinBay,freeze-up,2018,296,99.0,0.4703,0.5882,0.7983,0.8241,0.5984,0.099,0.7944,0.8022
BaffinBay,freeze-up,2019,296,103.0,0.4695,0.5835,0.7947,0.8205,0.5423,0.1109,0.7917,0.7977
BaffinBay,freeze-up,2020,296,118.0,0.5323,0.6517,0.8268,0.8504,0.6877,0.1636,0.8245,0.8292
BaffinBay,freeze-up,2021,296,113.0,0.5053,0.6241,0.8132,0.8376,0.6459,0.1283,0.8106,0.8156
BaffinBay,freeze-up,2022,296,52.0,0.2702,0.3558,0.6746,0.7065,0.0329,0.0128,0.6715,0.6777
BaffinBay,freeze-up,2023,296,49.0,0.2547,0.3365,0.6605,0.6925,0.0257,0.0095,0.6584,0.6627
BaffinBay,freeze-up,2024,296,55.0,0.294,0.3849,0.6928,0.7243,0.0548,0.0132,0.6899,0.6957
BaffinBay,freeze-up,2025,296,133.0,0.5762,0.6961,0.8462,0.8682,0.7896,0.2246,0.8434,0.8491
BaffinBay,melt,2016,296,99.0,0.328,0.4303,0.5502,0.6304,0.167,0.0517,0.548,0.5522
BaffinBay,melt,2017,296,95.0,0.3316,0.4473,0.5723,0.6578,0.4643,0.0145,0.5689,0.5756
BaffinBay,melt,2018,296,99.0,0.3429,0.4505,0.5691,0.6515,0.3759,0.0565,0.5643,0.5737
BaffinBay,melt,2019,296,121.0,0.3933,0.5054,0.5999,0.6804,0.4327,0.1014,0.5956,0.604
BaffinBay,melt,2020,296,122.0,0.3957,0.5088,0.6018,0.6823,0.4383,0.0979,0.5985,0.6051
BaffinBay,melt,2021,296,142.0,0.4383,0.5613,0.6328,0.713,0.5793,0.1136,0.6304,0.6349
BaffinBay,melt,2022,296,61.5,0.2215,0.304,0.4822,0.5656,0.0322,0.0084,0.4789,0.4858
BaffinBay,melt,2023,296,66.0,0.2296,0.3154,0.4945,0.5794,0.0316,0.0097,0.4925,0.4965
BaffinBay,melt,2024,296,66.0,0.2346,0.3211,0.4948,0.5789,0.0385,0.0115,0.4924,0.497
BaffinBay,melt,2025,296,160.0,0.4878,0.609,0.6543,0.7305,0.6729,0.1934,0.6501,0.6582
BaffinBay,melt,2026,296,155.0,0.5504,0.6792,0.6939,0.768,0.7452,0.2352,0.6917,0.6961
BaffinBay,winter,2016,296,62.0,0.3632,0.4205,0.6698,0.711,0.1049,0.0355,0.6665,0.673
BaffinBay,winter,2017,296,91.5,0.4795,0.541,0.7362,0.7735,0.4893,0.1157,0.7318,0.7404
BaffinBay,winter,2018,296,77.5,0.4482,0.513,0.7262,0.765,0.4911,0.0637,0.7199,0.7326
BaffinBay,winter,2019,296,107.5,0.5574,0.6287,0.7974,0.8332,0.6872,0.115,0.7932,0.8016
BaffinBay,winter,2020,296,97.0,0.5149,0.5799,0.7636,0.8002,0.5188,0.1119,0.7594,0.7678
BaffinBay,winter,2021,296,112.0,0.5641,0.6335,0.7973,0.8326,0.6872,0.1311,0.7948,0.7999
BaffinBay,winter,2022,296,55.0,0.3215,0.3771,0.6445,0.6871,0.0545,0.0127,0.6407,0.6482
BaffinBay,winter,2023,296,48.0,0.2724,0.3204,0.5915,0.6341,0.0386,0.0102,0.5879,0.5949
BaffinBay,winter,2024,296,54.0,0.3115,0.3662,0.6366,0.6793,0.0425,0.0136,0.6322,0.6408
BaffinBay,winter,2025,296,56.0,0.3214,0.3766,0.6414,0.6838,0.0705,0.0156,0.6379,0.6446
BaffinBay,winter,2026,296,120.0,0.6019,0.6675,0.8114,0.845,0.6989,0.2003,0.8076,0.8152
Barents_Svalbard,freeze-up,2016,374,149.0,0.5662,0.6827,0.8408,0.8632,0.6848,0.2159,0.8379,0.8436
Barents_Svalbard,freeze-up,2017,374,100.0,0.4329,0.5507,0.7804,0.8072,0.5774,0.0563,0.7753,0.7849
Barents_Svalbard,freeze-up,2018,374,125.0,0.4797,0.6032,0.8075,0.8328,0.7304,0.0857,0.8038,0.8112
Barents_Svalbard,freeze-up,2019,374,125.0,0.4844,0.61,0.8117,0.8369,0.7715,0.0803,0.808,0.8152
Barents_Svalbard,freeze-up,2020,374,125.5,0.4843,0.6097,0.8112,0.8363,0.7699,0.0795,0.8076,0.8148
Barents_Svalbard,freeze-up,2021,374,114.0,0.4614,0.5822,0.7955,0.8213,0.6804,0.075,0.792,0.799
Barents_Svalbard,freeze-up,2022,374,66.0,0.3125,0.407,0.7015,0.7319,0.1031,0.0283,0.6952,0.708
Barents_Svalbard,freeze-up,2023,374,65.0,0.31,0.4034,0.6983,0.7288,0.1032,0.0302,0.6922,0.7042
Barents_Svalbard,freeze-up,2024,374,65.0,0.3115,0.4055,0.7003,0.7307,0.1029,0.0293,0.6944,0.7065
Barents_Svalbard,freeze-up,2025,374,85.0,0.3859,0.4928,0.7457,0.7737,0.3892,0.0528,0.7391,0.7519
Barents_Svalbard,melt,2016,374,122.0,0.3718,0.4732,0.5671,0.643,0.3417,0.1316,0.5626,0.5718
Barents_Svalbard,melt,2017,374,131.0,0.388,0.5086,0.604,0.6866,0.5633,0.0557,0.5996,0.6082
Barents_Svalbard,melt,2018,374,132.0,0.3695,0.4828,0.5878,0.6697,0.4963,0.0647,0.5827,0.5926
Barents_Svalbard,melt,2019,374,151.0,0.4165,0.5407,0.6217,0.7033,0.6704,0.0735,0.618,0.6253
Barents_Svalbard,melt,2020,374,150.0,0.4201,0.5446,0.6235,0.7049,0.6881,0.0757,0.6197,0.6274
Barents_Svalbard,melt,2021,374,148.0,0.414,0.5377,0.6198,0.7014,0.6652,0.0714,0.6159,0.6235
Barents_Svalbard,melt,2022,374,71.0,0.2364,0.3211,0.4881,0.5704,0.0704,0.0218,0.4828,0.4935
Barents_Svalbard,melt,2023,374,73.0,0.2458,0.3338,0.4984,0.5815,0.0754,0.0218,0.4931,0.5036
Barents_Svalbard,melt,2024,374,75.0,0.2485,0.3372,0.5008,0.5839,0.0756,0.0227,0.4953,0.5057
Barents_Svalbard,melt,2025,374,101.0,0.3211,0.4241,0.5518,0.634,0.3321,0.0454,0.5461,0.5578
Barents_Svalbard,melt,2026,374,60.0,0.2547,0.3388,0.4953,0.5762,0.1904,0.0408,0.4895,0.5016
Barents_Svalbard,winter,2016,374,96.0,0.4725,0.5341,0.737,0.7748,0.3352,0.1311,0.7312,0.7425
Barents_Svalbard,winter,2017,374,124.5,0.5494,0.6138,0.7826,0.8178,0.5481,0.1602,0.7788,0.7864
Barents_Svalbard,winter,2018,374,96.0,0.4702,0.5387,0.7442,0.7825,0.5678,0.0588,0.7379,0.7497
Barents_Svalbard,winter,2019,374,116.0,0.5115,0.5823,0.7705,0.8075,0.7134,0.0784,0.7653,0.7754
Barents_Svalbard,winter,2020,374,125.0,0.5352,0.6084,0.7879,0.8244,0.7708,0.0834,0.7831,0.7921
Barents_Svalbard,winter,2021,374,122.0,0.5336,0.6073,0.7878,0.8244,0.7735,0.0765,0.7835,0.7918
Barents_Svalbard,winter,2022,374,64.0,0.3353,0.3916,0.6487,0.6904,0.1005,0.0279,0.642,0.6555
Barents_Svalbard,winter,2023,374,64.0,0.3384,0.395,0.6515,0.6932,0.104,0.0292,0.6448,0.6578
Barents_Svalbard,winter,2024,374,64.0,0.3384,0.3958,0.6536,0.6954,0.097,0.0228,0.6467,0.6605
Barents_Svalbard,winter,2025,374,68.0,0.3518,0.4098,0.6623,0.7038,0.1281,0.0326,0.6551,0.6691
Barents_Svalbard,winter,2026,374,76.0,0.3925,0.4532,0.687,0.7272,0.2821,0.0422,0.6795,0.6943
BeringChukchi,freeze-up,2016,162,20.0,0.1153,0.153,0.4471,0.4719,0.0201,0.0004,0.4386,0.456
BeringChukchi,freeze-up,2017,162,22.0,0.1268,0.1697,0.4854,0.5123,0.0283,0.0,0.4769,0.4945
BeringChukchi,freeze-up,2018,162,30.0,0.1585,0.2114,0.5317,0.5601,0.0729,0.0,0.5258,0.5382
BeringChukchi,freeze-up,2019,162,36.0,0.1886,0.2507,0.5687,0.5977,0.1221,0.0,0.56,0.5776
BeringChukchi,freeze-up,2020,162,32.0,0.1683,0.2239,0.5417,0.57,0.0969,0.0007,0.5333,0.5493
BeringChukchi,freeze-up,2021,162,36.0,0.1908,0.2539,0.575,0.6044,0.1072,0.0005,0.5672,0.5824
BeringChukchi,freeze-up,2022,162,15.0,0.1052,0.1414,0.4599,0.4864,0.0,0.0,0.4531,0.4663
BeringChukchi,freeze-up,2023,162,21.0,0.1127,0.1515,0.4733,0.5004,0.0,0.0,0.4641,0.4831
BeringChukchi,freeze-up,2024,162,21.0,0.1277,0.1717,0.5007,0.529,0.0,0.0,0.4946,0.5073
BeringChukchi,freeze-up,2025,162,38.0,0.2153,0.2837,0.6016,0.6314,0.1172,0.0121,0.5935,0.6097
BeringChukchi,melt,2016,162,5.0,0.0343,0.0482,0.1592,0.1954,0.0014,0.0002,0.1538,0.1651
BeringChukchi,melt,2017,162,32.0,0.1127,0.1574,0.3473,0.4181,0.0335,0.0,0.3403,0.3554
BeringChukchi,melt,2018,162,35.0,0.1253,0.1746,0.3613,0.433,0.0546,0.0,0.3553,0.3677
BeringChukchi,melt,2019,162,41.0,0.1462,0.2029,0.3898,0.4649,0.0939,0.0,0.3843,0.3954
BeringChukchi,melt,2020,162,34.0,0.1225,0.1705,0.3556,0.4266,0.0645,0.0003,0.3504,0.3608
BeringChukchi,melt,2021,162,36.0,0.1325,0.1842,0.3703,0.443,0.0657,0.0002,0.3642,0.3772
BeringChukchi,melt,2022,162,21.0,0.0812,0.1143,0.3025,0.3679,0.0,0.0,0.2943,0.3109
BeringChukchi,melt,2023,162,22.5,0.0855,0.1205,0.31,0.3765,0.0,0.0,0.3029,0.3169
BeringChukchi,melt,2024,162,24.0,0.0874,0.123,0.3037,0.3679,0.0,0.0,0.2964,0.311
BeringChukchi,melt,2025,162,42.0,0.1576,0.2179,0.4056,0.4825,0.0619,0.0045,0.3995,0.4117
BeringChukchi,melt,2026,162,30.0,0.1395,0.1918,0.3816,0.4558,0.0495,0.0134,0.3761,0.3875
BeringChukchi,winter,2016,162,6.0,0.0405,0.0485,0.2222,0.2512,0.0,0.0,0.2138,0.2301
BeringChukchi,winter,2017,162,37.0,0.2162,0.2528,0.5144,0.5558,0.1004,0.007,0.5087,0.5201
BeringChukchi,winter,2018,162,23.0,0.1346,0.1604,0.4199,0.4605,0.0331,0.0,0.4118,0.4284
BeringChukchi,winter,2019,162,32.0,0.1967,0.2333,0.5047,0.5469,0.101,0.0,0.4957,0.5127
BeringChukchi,winter,2020,162,33.0,0.197,0.2334,0.4992,0.5409,0.1204,0.0002,0.4913,0.5066
BeringChukchi,winter,2021,162,31.0,0.1997,0.2367,0.505,0.5469,0.1165,0.0,0.4969,0.5126
BeringChukchi,winter,2022,162,21.0,0.1459,0.1746,0.4504,0.4926,0.0,0.0,0.4445,0.4563
BeringChukchi,winter,2023,162,20.0,0.1212,0.1451,0.4118,0.453,0.0,0.0,0.4053,0.4199
BeringChukchi,winter,2024,162,19.0,0.1345,0.1611,0.4273,0.4684,0.0,0.0,0.4212,0.4334
BeringChukchi,winter,2025,162,24.0,0.1471,0.176,0.4469,0.4886,0.0054,0.0001,0.4403,0.4532
BeringChukchi,winter,2026,162,35.0,0.2283,0.2681,0.5343,0.5761,0.1059,0.0162,0.5261,0.5429
GreenlandSea_Fram,freeze-up,2016,240,185.0,0.6403,0.7597,0.8748,0.8943,0.8507,0.265,0.8727,0.8767
GreenlandSea_Fram,freeze-up,2017,240,139.0,0.4931,0.6315,0.8278,0.8527,0.9826,0.0307,0.827,0.8288
GreenlandSea_Fram,freeze-up,2018,240,154.0,0.5208,0.6559,0.8369,0.8607,0.9694,0.072,0.8357,0.8382
GreenlandSea_Fram,freeze-up,2019,240,165.0,0.5531,0.6857,0.8485,0.8711,0.9822,0.1168,0.8469,0.8501
GreenlandSea_Fram,freeze-up,2020,240,159.0,0.5454,0.677,0.8443,0.8673,0.9534,0.1141,0.8425,0.846
GreenlandSea_Fram,freeze-up,2021,240,151.5,0.5293,0.6595,0.8354,0.8588,0.9034,0.102,0.8338,0.837
GreenlandSea_Fram,freeze-up,2022,240,69.0,0.3694,0.4839,0.7538,0.7834,0.1772,0.0062,0.7509,0.7567
GreenlandSea_Fram,freeze-up,2023,240,68.0,0.3619,0.4745,0.7477,0.7775,0.1684,0.0056,0.7451,0.7506
GreenlandSea_Fram,freeze-up,2024,240,69.0,0.3658,0.4794,0.7512,0.7809,0.174,0.0062,0.7486,0.754
GreenlandSea_Fram,freeze-up,2025,240,126.0,0.4752,0.6097,0.8165,0.8421,0.8677,0.0299,0.8141,0.8189
GreenlandSea_Fram,melt,2016,240,168.0,0.4961,0.6125,0.6432,0.7146,0.64,0.1994,0.6409,0.6456
GreenlandSea_Fram,melt,2017,240,181.0,0.4385,0.5773,0.6439,0.7268,0.9695,0.0302,0.6426,0.6453
GreenlandSea_Fram,melt,2018,240,176.5,0.421,0.5557,0.632,0.7153,0.8618,0.0295,0.6301,0.6337
GreenlandSea_Fram,melt,2019,240,200.0,0.4744,0.6106,0.6612,0.7414,0.9464,0.083,0.6596,0.6628
GreenlandSea_Fram,melt,2020,240,198.0,0.472,0.609,0.6604,0.7409,0.957,0.0769,0.6586,0.6621
GreenlandSea_Fram,melt,2021,240,194.0,0.464,0.6005,0.656,0.7369,0.935,0.0706,0.6543,0.6577
GreenlandSea_Fram,melt,2022,240,89.0,0.3205,0.4354,0.5671,0.6534,0.1664,0.0056,0.5645,0.5699
GreenlandSea_Fram,melt,2023,240,92.0,0.3282,0.4454,0.573,0.6594,0.177,0.0061,0.5704,0.5756
GreenlandSea_Fram,melt,2024,240,90.0,0.3217,0.4369,0.5679,0.6542,0.171,0.0061,0.5653,0.5706
GreenlandSea_Fram,melt,2025,240,171.0,0.425,0.5612,0.635,0.7184,0.8861,0.0277,0.6324,0.6377
GreenlandSea_Fram,melt,2026,240,136.0,0.4095,0.5431,0.6243,0.7083,0.782,0.0228,0.6202,0.6283
GreenlandSea_Fram,winter,2016,240,129.0,0.6257,0.6942,0.8289,0.8618,0.6548,0.2022,0.826,0.8316
GreenlandSea_Fram,winter,2017,240,162.0,0.6372,0.705,0.8327,0.8647,0.7916,0.1991,0.8307,0.8347
GreenlandSea_Fram,winter,2018,240,134.5,0.5398,0.6207,0.8031,0.84,0.9638,0.0315,0.8019,0.8044
GreenlandSea_Fram,winter,2019,240,146.0,0.5693,0.6478,0.8148,0.8504,0.9541,0.0715,0.8131,0.8165
GreenlandSea_Fram,winter,2020,240,162.0,0.6023,0.6791,0.8292,0.8634,0.9745,0.1084,0.8273,0.8311
GreenlandSea_Fram,winter,2021,240,154.0,0.5884,0.6663,0.8237,0.8586,0.9848,0.0913,0.8219,0.8256
GreenlandSea_Fram,winter,2022,240,66.0,0.3973,0.4652,0.7082,0.7494,0.1683,0.0053,0.7045,0.7121
GreenlandSea_Fram,winter,2023,240,67.0,0.3993,0.4674,0.7097,0.7509,0.1729,0.0051,0.7062,0.7133
GreenlandSea_Fram,winter,2024,240,68.0,0.4031,0.4718,0.7127,0.7538,0.1753,0.0056,0.7094,0.7161
GreenlandSea_Fram,winter,2025,240,71.0,0.4134,0.483,0.7203,0.7611,0.2163,0.0075,0.7168,0.7235
GreenlandSea_Fram,winter,2026,240,123.0,0.5174,0.5959,0.7876,0.8252,0.8611,0.0296,0.7843,0.7901
KaraGate,freeze-up,2016,24,101.0,0.4671,0.5806,0.7929,0.8188,0.5235,0.1401,0.7872,0.7989
KaraGate,freeze-up,2017,24,67.0,0.3305,0.4352,0.7242,0.7547,0.3791,0.0,0.7159,0.7319
KaraGate,freeze-up,2018,24,51.0,0.2758,0.3648,0.6733,0.7041,0.2215,0.0,0.6637,0.6827
KaraGate,freeze-up,2019,24,59.0,0.3196,0.4199,0.7033,0.7326,0.3953,0.0,0.6923,0.7148
KaraGate,freeze-up,2020,24,60.0,0.328,0.4314,0.7178,0.7479,0.3864,0.0,0.709,0.7275
KaraGate,freeze-up,2021,24,55.0,0.3091,0.407,0.7002,0.7304,0.3476,0.0,0.6907,0.7099
KaraGate,freeze-up,2022,24,25.0,0.1668,0.2241,0.5657,0.5966,0.0,0.0,0.5526,0.5792
KaraGate,freeze-up,2023,24,23.0,0.1449,0.1946,0.5269,0.5561,0.0,0.0,0.5127,0.5418
KaraGate,freeze-up,2024,24,30.0,0.1765,0.2371,0.5812,0.6128,0.0,0.0,0.5658,0.5959
KaraGate,freeze-up,2025,24,56.0,0.2992,0.3951,0.6974,0.7283,0.2806,0.0,0.6892,0.7055
KaraGate,melt,2016,24,85.0,0.2783,0.3725,0.5139,0.5943,0.1753,0.0129,0.5083,0.5194
KaraGate,melt,2017,24,89.0,0.2985,0.4073,0.5501,0.6363,0.3878,0.0,0.5432,0.5565
KaraGate,melt,2018,24,75.5,0.2697,0.3678,0.519,0.6032,0.3548,0.0,0.5111,0.5271
KaraGate,melt,2019,24,59.0,0.2187,0.2995,0.4658,0.5464,0.256,0.0,0.4541,0.4789
KaraGate,melt,2020,24,64.5,0.2293,0.3145,0.4785,0.5602,0.2499,0.0,0.4706,0.4859
KaraGate,melt,2021,24,67.0,0.2344,0.3219,0.4879,0.5709,0.2462,0.0,0.4801,0.4952
KaraGate,melt,2022,24,21.0,0.0956,0.1344,0.3138,0.3786,0.0,0.0,0.3011,0.3255
KaraGate,melt,2023,24,23.0,0.0992,0.1395,0.3209,0.3869,0.0,0.0,0.3084,0.3338
KaraGate,melt,2024,24,26.0,0.1063,0.1495,0.3319,0.3993,0.0,0.0,0.3195,0.3461
KaraGate,melt,2025,24,50.0,0.1802,0.2496,0.4262,0.5037,0.1138,0.0,0.4154,0.4375
KaraGate,melt,2026,24,42.5,0.1762,0.2446,0.4325,0.5122,0.0973,0.0002,0.4231,0.4422
KaraGate,winter,2016,24,66.0,0.3676,0.4273,0.6771,0.7186,0.1448,0.0008,0.6712,0.6826
KaraGate,winter,2017,24,85.0,0.4569,0.5204,0.7297,0.7682,0.4535,0.0972,0.7225,0.7364
KaraGate,winter,2018,24,64.0,0.3551,0.4173,0.6726,0.7145,0.3655,0.0,0.6632,0.6814
KaraGate,winter,2019,24,51.0,0.3186,0.3759,0.644,0.6866,0.2283,0.0,0.6348,0.6531
KaraGate,winter,2020,24,66.0,0.3804,0.4458,0.691,0.7323,0.4393,0.0,0.6792,0.7021
KaraGate,winter,2021,24,60.0,0.3688,0.4327,0.6828,0.7244,0.3945,0.0,0.6727,0.6935
KaraGate,winter,2022,24,30.0,0.202,0.2411,0.5273,0.5706,0.0,0.0,0.5185,0.5361
KaraGate,winter,2023,24,22.0,0.1498,0.1793,0.4571,0.4994,0.0,0.0,0.4462,0.4695
KaraGate,winter,2024,24,21.0,0.1441,0.1725,0.446,0.4879,0.0,0.0,0.4336,0.4598
KaraGate,winter,2025,24,29.0,0.1927,0.2306,0.5198,0.5632,0.0,0.0,0.5042,0.535
KaraGate,winter,2026,24,50.0,0.316,0.3725,0.6386,0.681,0.2569,0.0,0.6308,0.6468
LancasterSound,freeze-up,2016,81,44.0,0.2287,0.2995,0.6106,0.64,0.1305,0.0182,0.6003,0.621
LancasterSound,freeze-up,2017,81,98.0,0.4467,0.5778,0.8014,0.8281,0.7851,0.0163,0.799,0.8038
LancasterSound,freeze-up,2018,81,98.0,0.4435,0.5735,0.7985,0.8252,0.7804,0.0169,0.7962,0.8008
LancasterSound,freeze-up,2019,81,98.0,0.4455,0.5771,0.8009,0.8276,0.8,0.0123,0.7986,0.8032
LancasterSound,freeze-up,2020,81,99.0,0.4435,0.5756,0.8008,0.8275,0.7958,0.0086,0.7986,0.803
LancasterSound,freeze-up,2021,81,92.0,0.4331,0.5612,0.7925,0.8197,0.7097,0.0137,0.7902,0.7951
LancasterSound,freeze-up,2022,81,37.0,0.2098,0.2803,0.6104,0.6415,0.0009,0.0,0.6035,0.6167
LancasterSound,freeze-up,2023,81,40.0,0.2208,0.2949,0.6293,0.6612,0.001,0.0,0.623,0.6351
LancasterSound,freeze-up,2024,81,42.0,0.2216,0.2961,0.6322,0.6644,0.0009,0.0,0.6261,0.6381
LancasterSound,freeze-up,2025,81,93.0,0.4371,0.5683,0.797,0.824,0.7708,0.0056,0.7949,0.7996
LancasterSound,melt,2016,81,37.0,0.1327,0.1829,0.3532,0.4211,0.0444,0.0022,0.3376,0.3682
LancasterSound,melt,2017,81,129.0,0.3891,0.5218,0.6137,0.699,0.7789,0.0056,0.6119,0.6157
LancasterSound,melt,2018,81,126.0,0.3857,0.516,0.61,0.695,0.7411,0.0112,0.6079,0.612
LancasterSound,melt,2019,81,131.0,0.398,0.5317,0.6188,0.7038,0.7969,0.0117,0.6169,0.6207
LancasterSound,melt,2020,81,130.0,0.3938,0.5279,0.6168,0.7021,0.7959,0.0051,0.6147,0.6189
LancasterSound,melt,2021,81,131.0,0.3948,0.5284,0.6171,0.7023,0.7957,0.0086,0.6152,0.619
LancasterSound,melt,2022,81,50.0,0.1808,0.2528,0.4481,0.5309,0.0005,0.0,0.4429,0.4532
LancasterSound,melt,2023,81,53.0,0.185,0.2586,0.4531,0.5363,0.0004,0.0,0.4484,0.4572
LancasterSound,melt,2024,81,51.0,0.1879,0.2627,0.4573,0.5409,0.0005,0.0,0.4525,0.4617
LancasterSound,melt,2025,81,118.0,0.3683,0.4948,0.5977,0.683,0.6742,0.0064,0.5949,0.6006
LancasterSound,melt,2026,81,109.0,0.3761,0.5037,0.6036,0.6887,0.67,0.012,0.6015,0.6058
LancasterSound,winter,2016,81,34.0,0.1829,0.2161,0.4728,0.5134,0.0518,0.0014,0.4496,0.4981
LancasterSound,winter,2017,81,67.0,0.3397,0.3916,0.632,0.6723,0.3104,0.0497,0.623,0.641
LancasterSound,winter,2018,81,99.0,0.494,0.5685,0.7679,0.806,0.7472,0.0408,0.7634,0.772
LancasterSound,winter,2019,81,99.0,0.4961,0.5708,0.7695,0.8076,0.7488,0.0406,0.7663,0.7729
LancasterSound,winter,2020,81,97.0,0.4866,0.5622,0.7664,0.8049,0.7483,0.0266,0.763,0.7697
LancasterSound,winter,2021,81,92.0,0.4725,0.5473,0.757,0.7959,0.729,0.018,0.7537,0.7603
LancasterSound,winter,2022,81,38.0,0.2247,0.2675,0.5542,0.5977,0.0038,0.0031,0.5481,0.5607
LancasterSound,winter,2023,81,38.0,0.2266,0.2696,0.5542,0.5975,0.004,0.0031,0.5474,0.5615
LancasterSound,winter,2024,81,38.0,0.2361,0.2812,0.5672,0.6107,0.0009,0.0,0.559,0.5755
LancasterSound,winter,2025,81,42.0,0.2534,0.3009,0.5836,0.6269,0.0482,0.0022,0.5778,0.5895
LancasterSound,winter,2026,81,77.0,0.4055,0.4729,0.7064,0.7469,0.5339,0.0066,0.7025,0.7104
LongStrait,freeze-up,2016,46,23.0,0.1281,0.1676,0.4604,0.4852,0.0789,0.0095,0.444,0.4764
LongStrait,freeze-up,2017,46,29.0,0.1722,0.229,0.5505,0.5796,0.0291,0.0065,0.5304,0.5689
LongStrait,freeze-up,2018,46,43.0,0.2455,0.3242,0.6361,0.6663,0.1737,0.0065,0.6225,0.6495
LongStrait,freeze-up,2019,46,51.0,0.2794,0.3675,0.6682,0.6982,0.2745,0.0075,0.6519,0.6839
LongStrait,freeze-up,2020,46,38.0,0.2169,0.2881,0.6173,0.6485,0.0569,0.0075,0.6005,0.632
LongStrait,freeze-up,2021,46,40.0,0.2369,0.3129,0.6274,0.6575,0.1541,0.0065,0.6113,0.6427
LongStrait,freeze-up,2022,46,15.0,0.1057,0.1419,0.4643,0.491,0.0,0.0,0.4503,0.4778
LongStrait,freeze-up,2023,46,14.0,0.0973,0.1306,0.4383,0.4637,0.0,0.0,0.4232,0.454
LongStrait,freeze-up,2024,46,15.0,0.0966,0.1298,0.4414,0.4671,0.0,0.0,0.4251,0.4575
LongStrait,freeze-up,2025,46,52.0,0.2883,0.3797,0.6799,0.7102,0.275,0.0057,0.6675,0.6935
LongStrait,melt,2016,46,12.5,0.0461,0.0647,0.204,0.2496,0.0071,0.0,0.1969,0.2119
LongStrait,melt,2017,46,41.0,0.1599,0.2222,0.4127,0.4907,0.0344,0.0063,0.3965,0.4282
LongStrait,melt,2018,46,39.0,0.1477,0.2053,0.3984,0.4751,0.0248,0.007,0.3837,0.4136
LongStrait,melt,2019,46,52.5,0.1885,0.2595,0.4386,0.5177,0.1376,0.0063,0.4252,0.453
LongStrait,melt,2020,46,43.0,0.1648,0.2288,0.4201,0.4989,0.0337,0.007,0.4052,0.4343
LongStrait,melt,2021,46,51.0,0.1837,0.2532,0.4352,0.5143,0.1114,0.007,0.4213,0.4492
LongStrait,melt,2022,46,14.0,0.0806,0.1133,0.303,0.3687,0.0,0.0,0.2936,0.3126
LongStrait,melt,2023,46,13.5,0.0878,0.1233,0.3076,0.3728,0.0,0.0,0.2979,0.3172
LongStrait,melt,2024,46,14.0,0.0785,0.1104,0.2984,0.3634,0.0,0.0,0.2881,0.3086
LongStrait,melt,2025,46,49.0,0.1756,0.2424,0.427,0.5056,0.0924,0.007,0.4137,0.4409
LongStrait,melt,2026,46,51.0,0.2254,0.3108,0.4849,0.5685,0.1394,0.0009,0.4719,0.4977
LongStrait,winter,2016,46,8.0,0.0565,0.0677,0.2763,0.3108,0.0,0.0,0.266,0.2875
LongStrait,winter,2017,46,38.5,0.2147,0.2478,0.4869,0.5262,0.1444,0.0341,0.4684,0.503
LongStrait,winter,2018,46,31.0,0.2051,0.2434,0.5188,0.5612,0.0375,0.0067,0.4988,0.5377
LongStrait,winter,2019,46,51.5,0.3204,0.3761,0.635,0.6769,0.288,0.0076,0.6213,0.6494
LongStrait,winter,2020,46,51.0,0.3042,0.3573,0.6173,0.6592,0.2651,0.0066,0.5988,0.6364
LongStrait,winter,2021,46,40.0,0.2568,0.3034,0.5779,0.6206,0.1157,0.0076,0.5608,0.5943
LongStrait,winter,2022,46,13.0,0.1019,0.1218,0.3724,0.4118,0.0,0.0,0.3585,0.3871
LongStrait,winter,2023,46,15.0,0.1176,0.1404,0.4063,0.4476,0.0,0.0,0.3924,0.421
LongStrait,winter,2024,46,14.0,0.1023,0.1224,0.3771,0.4169,0.0,0.0,0.3631,0.3928
LongStrait,winter,2025,46,17.0,0.1216,0.1452,0.4102,0.4514,0.0086,0.0,0.3965,0.426
LongStrait,winter,2026,46,46.0,0.2842,0.3345,0.6001,0.6422,0.2146,0.0076,0.5851,0.6152
Sannikov_DmLaptev,freeze-up,2016,109,44.0,0.209,0.2752,0.5877,0.6166,0.1007,0.012,0.5828,0.592
Sannikov_DmLaptev,freeze-up,2017,109,60.0,0.3005,0.3964,0.6966,0.7273,0.2496,0.0004,0.6924,0.7008
Sannikov_DmLaptev,freeze-up,2018,109,54.0,0.266,0.3515,0.6601,0.6905,0.2027,0.0006,0.6525,0.6677
Sannikov_DmLaptev,freeze-up,2019,109,27.0,0.1404,0.1867,0.4858,0.5117,0.0746,0.0,0.4729,0.4987
Sannikov_DmLaptev,freeze-up,2020,109,24.0,0.1351,0.1809,0.4982,0.5257,0.016,0.0003,0.4879,0.5074
Sannikov_DmLaptev,freeze-up,2021,109,27.0,0.1447,0.1932,0.5165,0.5447,0.0227,0.0002,0.5101,0.5228
Sannikov_DmLaptev,freeze-up,2022,109,4.0,0.0378,0.051,0.257,0.2721,0.0,0.0,0.2447,0.2692
Sannikov_DmLaptev,freeze-up,2023,109,7.0,0.0451,0.0606,0.2845,0.3012,0.0,0.0,0.2742,0.2948
Sannikov_DmLaptev,freeze-up,2024,109,17.0,0.0895,0.1198,0.4041,0.4273,0.0007,0.0,0.3959,0.4119
Sannikov_DmLaptev,freeze-up,2025,109,19.0,0.1202,0.1612,0.4834,0.5108,0.0005,0.0,0.4762,0.4898
Sannikov_DmLaptev,melt,2016,109,30.0,0.1083,0.1518,0.332,0.3992,0.0003,0.0001,0.326,0.3376
Sannikov_DmLaptev,melt,2017,109,82.0,0.2711,0.3705,0.5245,0.6094,0.2786,0.0007,0.5212,0.5279
Sannikov_DmLaptev,melt,2018,109,35.0,0.1218,0.1695,0.3551,0.426,0.0628,0.0,0.3448,0.3658
Sannikov_DmLaptev,melt,2019,109,35.0,0.1233,0.1711,0.348,0.4166,0.0694,0.0005,0.3352,0.3596
Sannikov_DmLaptev,melt,2020,109,37.0,0.1325,0.1844,0.3701,0.4426,0.0467,0.0002,0.3622,0.377
Sannikov_DmLaptev,melt,2021,109,35.0,0.1142,0.1594,0.3476,0.418,0.021,0.0003,0.3394,0.3552
Sannikov_DmLaptev,melt,2022,109,11.0,0.0444,0.0623,0.1964,0.2407,0.0,0.0,0.1907,0.2019
Sannikov_DmLaptev,melt,2023,109,15.0,0.0601,0.0841,0.2458,0.2999,0.0,0.0,0.2406,0.2514
Sannikov_DmLaptev,melt,2024,109,14.0,0.0521,0.073,0.211,0.2573,0.0003,0.0,0.2032,0.2193
Sannikov_DmLaptev,melt,2025,109,32.0,0.1134,0.1587,0.3546,0.4272,0.0143,0.0001,0.3493,0.3595
Sannikov_DmLaptev,melt,2026,109,16.0,0.0749,0.1047,0.2797,0.3402,0.0237,0.0001,0.276,0.2834
Sannikov_DmLaptev,winter,2016,109,13.0,0.0836,0.1001,0.3235,0.3599,0.0,0.0,0.3211,0.326
Sannikov_DmLaptev,winter,2017,109,44.0,0.2428,0.2853,0.5392,0.5802,0.152,0.0057,0.5322,0.5465
Sannikov_DmLaptev,winter,2018,109,55.0,0.3047,0.3592,0.6247,0.667,0.2079,0.0004,0.6181,0.6306
Sannikov_DmLaptev,winter,2019,109,52.0,0.2905,0.3424,0.6092,0.6515,0.2022,0.0006,0.602,0.6165
Sannikov_DmLaptev,winter,2020,109,29.0,0.1694,0.2011,0.4611,0.5018,0.0729,0.0,0.4482,0.4754
Sannikov_DmLaptev,winter,2021,109,22.0,0.1273,0.1519,0.4067,0.4466,0.0163,0.0002,0.4,0.4132
Sannikov_DmLaptev,winter,2022,109,12.0,0.0815,0.0971,0.3206,0.3568,0.001,0.0,0.3143,0.3267
Sannikov_DmLaptev,winter,2023,109,5.0,0.0586,0.0696,0.242,0.2709,0.0,0.0,0.2212,0.2599
Sannikov_DmLaptev,winter,2024,109,4.0,0.025,0.0299,0.1432,0.1619,0.0,0.0,0.1305,0.155
Sannikov_DmLaptev,winter,2025,109,13.0,0.0826,0.0984,0.3192,0.3554,0.0002,0.0,0.3135,0.3258
Sannikov_DmLaptev,winter,2026,109,15.0,0.0908,0.1081,0.3296,0.3658,0.0133,0.0,0.3241,0.3346
VictoriaStrait,freeze-up,2016,161,39.0,0.2069,0.2701,0.5844,0.6136,0.0765,0.0135,0.5799,0.5892
VictoriaStrait,freeze-up,2017,161,58.0,0.3145,0.4119,0.6971,0.7265,0.395,0.0038,0.6897,0.7052
VictoriaStrait,freeze-up,2018,161,67.0,0.3542,0.4612,0.7316,0.7606,0.4734,0.0108,0.7268,0.7362
VictoriaStrait,freeze-up,2019,161,67.0,0.3499,0.4558,0.7247,0.7534,0.4936,0.0101,0.7191,0.7309
VictoriaStrait,freeze-up,2020,161,68.0,0.3524,0.4596,0.7282,0.757,0.507,0.0071,0.7229,0.7334
VictoriaStrait,freeze-up,2021,161,62.0,0.3207,0.4197,0.7026,0.732,0.4075,0.0058,0.6972,0.7078
VictoriaStrait,freeze-up,2022,161,24.0,0.135,0.1815,0.5128,0.5417,0.0,0.0,0.504,0.5214
VictoriaStrait,freeze-up,2023,161,24.0,0.1359,0.1825,0.5133,0.5421,0.0,0.0,0.5037,0.5222
VictoriaStrait,freeze-up,2024,161,22.0,0.1308,0.1758,0.5047,0.5332,0.0,0.0,0.4951,0.5139
VictoriaStrait,freeze-up,2025,161,80.0,0.3912,0.5018,0.754,0.7821,0.5215,0.033,0.7499,0.7587
VictoriaStrait,melt,2016,161,10.0,0.0486,0.0678,0.2009,0.2455,0.0026,0.0,0.1971,0.2045
VictoriaStrait,melt,2017,161,80.0,0.2937,0.3979,0.5389,0.6234,0.423,0.0071,0.5329,0.5447
VictoriaStrait,melt,2018,161,73.0,0.2575,0.3511,0.5107,0.5947,0.2866,0.0044,0.5058,0.5157
VictoriaStrait,melt,2019,161,75.0,0.2671,0.3629,0.5177,0.6018,0.3268,0.0054,0.5112,0.5241
VictoriaStrait,melt,2020,161,76.0,0.2668,0.363,0.5176,0.6017,0.339,0.0044,0.5116,0.5234
VictoriaStrait,melt,2021,161,74.0,0.2582,0.3518,0.5099,0.5937,0.3182,0.0027,0.5036,0.516
VictoriaStrait,melt,2022,161,12.0,0.1012,0.1423,0.3341,0.4035,0.0,0.0,0.327,0.3413
VictoriaStrait,melt,2023,161,23.0,0.0823,0.1158,0.2934,0.3556,0.0,0.0,0.2879,0.2998
VictoriaStrait,melt,2024,161,24.0,0.0829,0.1167,0.2895,0.3506,0.0,0.0,0.2841,0.2949
VictoriaStrait,melt,2025,161,83.0,0.2817,0.3781,0.527,0.6104,0.2715,0.016,0.5214,0.5323
VictoriaStrait,melt,2026,161,84.0,0.3349,0.4443,0.5676,0.6512,0.4305,0.0321,0.5642,0.5707
VictoriaStrait,winter,2016,161,7.0,0.0419,0.0502,0.2316,0.2621,0.0,0.0,0.2285,0.2354
VictoriaStrait,winter,2017,161,44.0,0.258,0.3028,0.5661,0.608,0.1778,0.0079,0.5624,0.5701
VictoriaStrait,winter,2018,161,59.0,0.3482,0.4073,0.6574,0.6987,0.3758,0.0061,0.65,0.6649
VictoriaStrait,winter,2019,161,67.0,0.3949,0.4598,0.6967,0.7374,0.49,0.0095,0.6908,0.7026
VictoriaStrait,winter,2020,161,68.0,0.3927,0.4567,0.6897,0.73,0.5204,0.0117,0.6836,0.6956
VictoriaStrait,winter,2021,161,63.0,0.3751,0.4374,0.6769,0.7176,0.4696,0.0079,0.6706,0.6831
VictoriaStrait,winter,2022,161,28.0,0.1618,0.1935,0.4739,0.5166,0.0,0.0,0.4678,0.4808
VictoriaStrait,winter,2023,161,23.0,0.1476,0.1766,0.4527,0.4948,0.0,0.0,0.4438,0.4615
VictoriaStrait,winter,2024,161,23.0,0.1485,0.1777,0.4529,0.4949,0.0,0.0,0.4436,0.4621
VictoriaStrait,winter,2025,161,23.0,0.1485,0.1775,0.4504,0.4922,0.0107,0.0,0.4412,0.4599
VictoriaStrait,winter,2026,161,65.0,0.3747,0.435,0.6742,0.7149,0.4065,0.0175,0.6699,0.6786
Vilkitsky,freeze-up,2016,25,71.0,0.2829,0.3692,0.6809,0.7122,0.1606,0.0209,0.663,0.6983
Vilkitsky,freeze-up,2017,25,61.0,0.3002,0.3953,0.6909,0.721,0.2386,0.0014,0.6834,0.6983
Vilkitsky,freeze-up,2018,25,38.0,0.1967,0.2616,0.5854,0.6154,0.0519,0.0006,0.5688,0.6012
Vilkitsky,freeze-up,2019,25,18.0,0.0684,0.092,0.3418,0.3611,0.0001,0.0001,0.2872,0.3903
Vilkitsky,freeze-up,2020,25,38.0,0.1634,0.2173,0.5362,0.5646,0.0798,0.0016,0.5227,0.5492
Vilkitsky,freeze-up,2021,25,34.0,0.1526,0.2027,0.512,0.539,0.0755,0.0014,0.4963,0.5285
Vilkitsky,freeze-up,2022,25,16.0,0.084,0.1128,0.4039,0.4273,0.0,0.0,0.3704,0.433
Vilkitsky,freeze-up,2023,25,11.0,0.05,0.0673,0.298,0.3154,0.0,0.0,0.2734,0.3202
Vilkitsky,freeze-up,2024,25,23.0,0.1086,0.146,0.4539,0.4797,0.0,0.0,0.4315,0.4729
Vilkitsky,freeze-up,2025,25,40.0,0.1802,0.2403,0.572,0.6023,0.0373,0.0022,0.5462,0.5978
Vilkitsky,melt,2016,25,56.0,0.1951,0.2684,0.4447,0.5237,0.0516,0.0074,0.4306,0.4574
Vilkitsky,melt,2017,25,85.0,0.2808,0.3814,0.5259,0.6096,0.3127,0.0017,0.5199,0.5315
Vilkitsky,melt,2018,25,41.0,0.1423,0.1979,0.3935,0.4704,0.0433,0.0004,0.3828,0.4032
Vilkitsky,melt,2019,25,19.0,0.0519,0.0727,0.2034,0.2477,0.0118,0.0001,0.1751,0.2304
Vilkitsky,melt,2020,25,44.0,0.1374,0.191,0.3821,0.4569,0.048,0.0005,0.3691,0.3956
Vilkitsky,melt,2021,25,41.0,0.1165,0.1626,0.3559,0.4278,0.0354,0.0012,0.3406,0.3705
Vilkitsky,melt,2022,25,20.0,0.0783,0.1102,0.2899,0.3523,0.0,0.0,0.2749,0.3053
Vilkitsky,melt,2023,25,7.0,0.0247,0.0348,0.1221,0.1502,0.0,0.0,0.1079,0.1348
Vilkitsky,melt,2024,25,11.0,0.0788,0.1109,0.2846,0.3451,0.0,0.0,0.2704,0.297
Vilkitsky,melt,2025,25,42.0,0.1263,0.1762,0.3692,0.4428,0.0233,0.0009,0.3515,0.3836
Vilkitsky,melt,2026,25,43.0,0.1696,0.2339,0.4195,0.4975,0.0905,0.0022,0.4043,0.4324
Vilkitsky,winter,2016,25,47.0,0.2738,0.3234,0.6018,0.6449,0.0312,0.0092,0.5847,0.6185
Vilkitsky,winter,2017,25,52.0,0.2735,0.3219,0.5963,0.639,0.1308,0.0106,0.5823,0.6121
Vilkitsky,winter,2018,25,60.0,0.3204,0.3767,0.6376,0.6796,0.2359,0.0021,0.6266,0.6478
Vilkitsky,winter,2019,25,37.0,0.2169,0.2567,0.5251,0.5671,0.0846,0.0004,0.51,0.5391
Vilkitsky,winter,2020,25,19.0,0.0943,0.1129,0.3507,0.3884,0.0002,0.0002,0.3244,0.3766
Vilkitsky,winter,2021,25,45.0,0.2126,0.2515,0.5245,0.5667,0.1347,0.0018,0.5148,0.5341
Vilkitsky,winter,2022,25,16.0,0.1022,0.1216,0.3271,0.3597,0.0073,0.0,0.308,0.3457
Vilkitsky,winter,2023,25,19.0,0.1147,0.1373,0.3865,0.4257,0.0,0.0,0.3595,0.4125
Vilkitsky,winter,2024,25,14.0,0.0914,0.1095,0.3475,0.3856,0.0,0.0,0.3281,0.3657
Vilkitsky,winter,2025,25,21.0,0.1121,0.1341,0.3826,0.4218,0.0079,0.0,0.3605,0.4041
Vilkitsky,winter,2026,25,35.0,0.1728,0.206,0.4797,0.5217,0.0086,0.0019,0.4578,0.5022
