region,season,year,subset,nsat,H_state3
AKcorr_1,freeze-up,2019,A,1,0.5086433544748491
AKcorr_1,freeze-up,2019,AB,2,0.5181231313688323
AKcorr_1,freeze-up,2019,B,1,0.20290551686638417
AKcorr_1,freeze-up,2020,A,1,0.4957839031200675
AKcorr_1,freeze-up,2020,AB,2,0.5083521499920639
AKcorr_1,freeze-up,2020,B,1,0.11325559176217972
AKcorr_1,freeze-up,2021,A,1,0.524985178976949
AKcorr_1,freeze-up,2021,AB,2,0.5559963209544048
AKcorr_1,freeze-up,2021,B,1,0.24326110136638746
AKcorr_1,freeze-up,2025,A,1,0.5260153375811264
AKcorr_1,freeze-up,2025,AC,2,0.5905263663851095
AKcorr_1,freeze-up,2025,C,1,0.31456644634310915
AKcorr_1,melt,2019,A,1,0.37552746195005016
AKcorr_1,melt,2019,AB,2,0.3830369150935112
AKcorr_1,melt,2019,B,1,0.1318127398523666
AKcorr_1,melt,2020,A,1,0.33204590175852944
AKcorr_1,melt,2020,AB,2,0.35745275889787576
AKcorr_1,melt,2020,B,1,0.17102958404529056
AKcorr_1,melt,2021,A,1,0.34258935480853514
AKcorr_1,melt,2021,AB,2,0.3612258902067082
AKcorr_1,melt,2021,B,1,0.16815154933280152
AKcorr_1,melt,2025,A,1,0.34275115210558765
AKcorr_1,melt,2025,AC,2,0.407644995903533
AKcorr_1,melt,2025,C,1,0.21475983817179156
AKcorr_1,melt,2026,A,1,0.0
AKcorr_1,melt,2026,AC,2,0.20869877856972158
AKcorr_1,melt,2026,ACD,3,0.3585227863602933
AKcorr_1,melt,2026,AD,2,0.2851351077933825
AKcorr_1,melt,2026,C,1,0.20869877856972158
AKcorr_1,melt,2026,CD,2,0.3585227863602933
AKcorr_1,melt,2026,D,1,0.2851351077933825
AKcorr_1,winter,2019,A,1,0.45862316648009216
AKcorr_1,winter,2019,AB,2,0.4690191275158896
AKcorr_1,winter,2019,B,1,0.1772604939465948
AKcorr_1,winter,2020,A,1,0.4502949119476915
AKcorr_1,winter,2020,AB,2,0.4734806730337838
AKcorr_1,winter,2020,B,1,0.22078616262956974
AKcorr_1,winter,2021,A,1,0.4633143951569414
AKcorr_1,winter,2021,AB,2,0.4737659378046557
AKcorr_1,winter,2021,B,1,0.09328039498130743
AKcorr_1,winter,2025,A,1,0.442827222100768
AKcorr_1,winter,2025,AC,2,0.4436717018449748
AKcorr_1,winter,2025,C,1,0.0
AKcorr_1,winter,2026,A,1,0.4373664740544869
AKcorr_1,winter,2026,AC,2,0.5180730252301071
AKcorr_1,winter,2026,ACD,3,0.5180730252301071
AKcorr_1,winter,2026,AD,2,0.4373664740544869
AKcorr_1,winter,2026,C,1,0.29105650164144276
AKcorr_1,winter,2026,CD,2,0.29105650164144276
AKcorr_1,winter,2026,D,1,0.0
AKcorr_2,freeze-up,2019,A,1,0.5291841012602667
AKcorr_2,freeze-up,2019,AB,2,0.5512461080653518
AKcorr_2,freeze-up,2019,B,1,0.19833945537748546
AKcorr_2,freeze-up,2020,A,1,0.5083091786152684
AKcorr_2,freeze-up,2020,AB,2,0.5326215535064914
AKcorr_2,freeze-up,2020,B,1,0.17973945563141044
AKcorr_2,freeze-up,2021,A,1,0.5373300383557266
AKcorr_2,freeze-up,2021,AB,2,0.5654720544828415
AKcorr_2,freeze-up,2021,B,1,0.22388570608561612
AKcorr_2,freeze-up,2025,A,1,0.5398762788358229
AKcorr_2,freeze-up,2025,AC,2,0.6036938469966658
AKcorr_2,freeze-up,2025,C,1,0.3228728083773718
AKcorr_2,melt,2019,A,1,0.38076538759872075
AKcorr_2,melt,2019,AB,2,0.39174142230524006
AKcorr_2,melt,2019,B,1,0.1340245591189711
AKcorr_2,melt,2020,A,1,0.3354721195221067
AKcorr_2,melt,2020,AB,2,0.3556268146549356
AKcorr_2,melt,2020,B,1,0.1421937691287034
AKcorr_2,melt,2021,A,1,0.34734376353236446
AKcorr_2,melt,2021,AB,2,0.3727385951260248
AKcorr_2,melt,2021,B,1,0.1446178480170498
AKcorr_2,melt,2025,A,1,0.34765891933025744
AKcorr_2,melt,2025,AC,2,0.41543764738793304
AKcorr_2,melt,2025,C,1,0.22032898041512275
AKcorr_2,melt,2026,A,1,0.0
AKcorr_2,melt,2026,AC,2,0.21367203896456438
AKcorr_2,melt,2026,ACD,3,0.3714010798934194
AKcorr_2,melt,2026,AD,2,0.30200291722132266
AKcorr_2,melt,2026,C,1,0.21367203896456438
AKcorr_2,melt,2026,CD,2,0.3714010798934194
AKcorr_2,melt,2026,D,1,0.30200291722132266
AKcorr_2,winter,2019,A,1,0.471603824350763
AKcorr_2,winter,2019,AB,2,0.48904282862709525
AKcorr_2,winter,2019,B,1,0.14083990348685252
AKcorr_2,winter,2020,A,1,0.4618943516349803
AKcorr_2,winter,2020,AB,2,0.4863856896993866
AKcorr_2,winter,2020,B,1,0.16671798046995392
AKcorr_2,winter,2021,A,1,0.4764954503034301
AKcorr_2,winter,2021,AB,2,0.49549163420561115
AKcorr_2,winter,2021,B,1,0.16757753081778268
AKcorr_2,winter,2025,A,1,0.46204325867694923
AKcorr_2,winter,2025,AC,2,0.46286092245319665
AKcorr_2,winter,2025,C,1,0.0
AKcorr_2,winter,2026,A,1,0.4500640439492119
AKcorr_2,winter,2026,AC,2,0.5304091426812071
AKcorr_2,winter,2026,ACD,3,0.5304091426812071
AKcorr_2,winter,2026,AD,2,0.4500640439492119
AKcorr_2,winter,2026,C,1,0.2979734573870419
AKcorr_2,winter,2026,CD,2,0.2979734573870419
AKcorr_2,winter,2026,D,1,0.0
AKcorr_3,freeze-up,2019,A,1,0.5512354788066249
AKcorr_3,freeze-up,2019,AB,2,0.6155182129525669
AKcorr_3,freeze-up,2019,B,1,0.3572270753196459
AKcorr_3,freeze-up,2020,A,1,0.5329045060349328
AKcorr_3,freeze-up,2020,AB,2,0.5933212321522876
AKcorr_3,freeze-up,2020,B,1,0.3345247269019799
AKcorr_3,freeze-up,2021,A,1,0.5604254797963327
AKcorr_3,freeze-up,2021,AB,2,0.6334185854324377
AKcorr_3,freeze-up,2021,B,1,0.39437589667987916
AKcorr_3,freeze-up,2025,A,1,0.5624067284456942
AKcorr_3,freeze-up,2025,AC,2,0.6713406568897317
AKcorr_3,freeze-up,2025,C,1,0.44540052618627857
AKcorr_3,melt,2019,A,1,0.3958234564462017
AKcorr_3,melt,2019,AB,2,0.4196503370292141
AKcorr_3,melt,2019,B,1,0.2686595625773575
AKcorr_3,melt,2020,A,1,0.35324360082210565
AKcorr_3,melt,2020,AB,2,0.3817604254918577
AKcorr_3,melt,2020,B,1,0.24462034530913498
AKcorr_3,melt,2021,A,1,0.3632626444025816
AKcorr_3,melt,2021,AB,2,0.42183440047451465
AKcorr_3,melt,2021,B,1,0.23676195400735447
AKcorr_3,melt,2025,A,1,0.3633629457125569
AKcorr_3,melt,2025,AC,2,0.4537948822436494
AKcorr_3,melt,2025,C,1,0.27652064185345765
AKcorr_3,melt,2026,A,1,0.0
AKcorr_3,melt,2026,AC,2,0.24259286708825628
AKcorr_3,melt,2026,ACD,3,0.40142329826933487
AKcorr_3,melt,2026,AD,2,0.31980779060530395
AKcorr_3,melt,2026,C,1,0.24259286708825628
AKcorr_3,melt,2026,CD,2,0.40142329826933487
AKcorr_3,melt,2026,D,1,0.31980779060530395
AKcorr_3,winter,2019,A,1,0.49413255727348476
AKcorr_3,winter,2019,AB,2,0.5283049967004708
AKcorr_3,winter,2019,B,1,0.17908233256258876
AKcorr_3,winter,2020,A,1,0.4829478481608154
AKcorr_3,winter,2020,AB,2,0.5461358058005756
AKcorr_3,winter,2020,B,1,0.27944284751721304
AKcorr_3,winter,2021,A,1,0.502328415617332
AKcorr_3,winter,2021,AB,2,0.554623117008934
AKcorr_3,winter,2021,B,1,0.2935339677994913
AKcorr_3,winter,2025,A,1,0.4891130868163122
AKcorr_3,winter,2025,AC,2,0.4894827369912131
AKcorr_3,winter,2025,C,1,0.0
AKcorr_3,winter,2026,A,1,0.47094351773757387
AKcorr_3,winter,2026,AC,2,0.6062259051362914
AKcorr_3,winter,2026,ACD,3,0.6062259051362914
AKcorr_3,winter,2026,AD,2,0.47094351773757387
AKcorr_3,winter,2026,C,1,0.4040602304697268
AKcorr_3,winter,2026,CD,2,0.4040602304697268
AKcorr_3,winter,2026,D,1,0.0
AKcorr_4,freeze-up,2019,A,1,0.5154765011231576
AKcorr_4,freeze-up,2019,AB,2,0.590029579393973
AKcorr_4,freeze-up,2019,B,1,0.3836537526499756
AKcorr_4,freeze-up,2020,A,1,0.496434502906588
AKcorr_4,freeze-up,2020,AB,2,0.5748779341525706
AKcorr_4,freeze-up,2020,B,1,0.37214344689160167
AKcorr_4,freeze-up,2021,A,1,0.5218372878414446
AKcorr_4,freeze-up,2021,AB,2,0.6022115471697417
AKcorr_4,freeze-up,2021,B,1,0.41378195487986535
AKcorr_4,freeze-up,2025,A,1,0.5250056837941453
AKcorr_4,freeze-up,2025,AC,2,0.6743070989438102
AKcorr_4,freeze-up,2025,C,1,0.5098161992542084
AKcorr_4,melt,2019,A,1,0.36375679315620457
AKcorr_4,melt,2019,AB,2,0.39402156851967257
AKcorr_4,melt,2019,B,1,0.29794296613840476
AKcorr_4,melt,2020,A,1,0.34191178764345465
AKcorr_4,melt,2020,AB,2,0.38677105686085556
AKcorr_4,melt,2020,B,1,0.25862208997123737
AKcorr_4,melt,2021,A,1,0.3476176132717218
AKcorr_4,melt,2021,AB,2,0.40918677204185644
AKcorr_4,melt,2021,B,1,0.25951010466997915
AKcorr_4,melt,2025,A,1,0.3456123390076118
AKcorr_4,melt,2025,AC,2,0.43634626277051897
AKcorr_4,melt,2025,C,1,0.29454358911548517
AKcorr_4,melt,2026,A,1,0.04960641744446128
AKcorr_4,melt,2026,AC,2,0.22825776019409744
AKcorr_4,melt,2026,ACD,3,0.3845749061462647
AKcorr_4,melt,2026,AD,2,0.3248417851187994
AKcorr_4,melt,2026,C,1,0.21927778027111366
AKcorr_4,melt,2026,CD,2,0.3814708994648899
AKcorr_4,melt,2026,D,1,0.3213743231625355
AKcorr_4,winter,2019,A,1,0.4586322454714335
AKcorr_4,winter,2019,AB,2,0.48485163428008116
AKcorr_4,winter,2019,B,1,0.136513642143689
AKcorr_4,winter,2020,A,1,0.44952484616895116
AKcorr_4,winter,2020,AB,2,0.5230357164448772
AKcorr_4,winter,2020,B,1,0.30943338510091045
AKcorr_4,winter,2021,A,1,0.47122734545498024
AKcorr_4,winter,2021,AB,2,0.5405324493200592
AKcorr_4,winter,2021,B,1,0.31644424849340186
AKcorr_4,winter,2025,A,1,0.4569571381535033
AKcorr_4,winter,2025,AC,2,0.4608692298859355
AKcorr_4,winter,2025,C,1,0.0
AKcorr_4,winter,2026,A,1,0.4350857905595678
AKcorr_4,winter,2026,AC,2,0.6053562956242358
AKcorr_4,winter,2026,ACD,3,0.6053562956242358
AKcorr_4,winter,2026,AD,2,0.4350857905595678
AKcorr_4,winter,2026,C,1,0.45130126375205387
AKcorr_4,winter,2026,CD,2,0.45130126375205387
AKcorr_4,winter,2026,D,1,0.0
AKcorr_5,freeze-up,2019,A,1,0.5185365856742883
AKcorr_5,freeze-up,2019,AB,2,0.5261552443889471
AKcorr_5,freeze-up,2019,B,1,0.32598419855744326
AKcorr_5,freeze-up,2020,A,1,0.3643549237465378
AKcorr_5,freeze-up,2020,AB,2,0.492256009141393
AKcorr_5,freeze-up,2020,B,1,0.3444282959495863
AKcorr_5,freeze-up,2021,A,1,0.37597367928310726
AKcorr_5,freeze-up,2021,AB,2,0.49336996366359925
AKcorr_5,freeze-up,2021,B,1,0.36448822372015316
AKcorr_5,freeze-up,2025,A,1,0.44442217135396267
AKcorr_5,freeze-up,2025,AC,2,0.6106984581764203
AKcorr_5,freeze-up,2025,C,1,0.48831437368580055
AKcorr_5,melt,2019,A,1,0.2634644905496078
AKcorr_5,melt,2019,AB,2,0.31683343131510905
AKcorr_5,melt,2019,B,1,0.24673713512715661
AKcorr_5,melt,2020,A,1,0.2698128750637989
AKcorr_5,melt,2020,AB,2,0.3489874108330204
AKcorr_5,melt,2020,B,1,0.22654549975882723
AKcorr_5,melt,2021,A,1,0.24738362527014554
AKcorr_5,melt,2021,AB,2,0.3330836594602481
AKcorr_5,melt,2021,B,1,0.22956674840523877
AKcorr_5,melt,2025,A,1,0.25101097542399814
AKcorr_5,melt,2025,AC,2,0.3167250267732187
AKcorr_5,melt,2025,C,1,0.25291075314081335
AKcorr_5,melt,2026,A,1,0.1579877727632482
AKcorr_5,melt,2026,AC,2,0.25633696415666907
AKcorr_5,melt,2026,ACD,3,0.359430337057575
AKcorr_5,melt,2026,AD,2,0.337555270771313
AKcorr_5,melt,2026,C,1,0.2193062035393349
AKcorr_5,melt,2026,CD,2,0.3510088661994686
AKcorr_5,melt,2026,D,1,0.3313894412976007
AKcorr_5,winter,2019,A,1,0.3196058788156231
AKcorr_5,winter,2019,AB,2,0.32554269425500787
AKcorr_5,winter,2019,B,1,0.0392553180770204
AKcorr_5,winter,2020,A,1,0.3759055891448975
AKcorr_5,winter,2020,AB,2,0.46244959512526707
AKcorr_5,winter,2020,B,1,0.26850569490602466
AKcorr_5,winter,2021,A,1,0.3499648211148282
AKcorr_5,winter,2021,AB,2,0.457608626774527
AKcorr_5,winter,2021,B,1,0.3140637437541858
AKcorr_5,winter,2025,A,1,0.29946929654612386
AKcorr_5,winter,2025,AC,2,0.3375905890643401
AKcorr_5,winter,2025,C,1,0.22383016866631344
AKcorr_5,winter,2026,A,1,0.35392872315166757
AKcorr_5,winter,2026,AC,2,0.5342379467694279
AKcorr_5,winter,2026,ACD,3,0.5342379467694279
AKcorr_5,winter,2026,AD,2,0.35392872315166757
AKcorr_5,winter,2026,C,1,0.4219307128964317
AKcorr_5,winter,2026,CD,2,0.4219307128964317
AKcorr_5,winter,2026,D,1,0.0
AKcorr_6,freeze-up,2019,A,1,0.533419986587807
AKcorr_6,freeze-up,2019,AB,2,0.6284152382906032
AKcorr_6,freeze-up,2019,B,1,0.44175123460427246
AKcorr_6,freeze-up,2020,A,1,0.4250843694135602
AKcorr_6,freeze-up,2020,AB,2,0.5620651882539796
AKcorr_6,freeze-up,2020,B,1,0.4273390861997416
AKcorr_6,freeze-up,2021,A,1,0.42523340291671
AKcorr_6,freeze-up,2021,AB,2,0.563594224550406
AKcorr_6,freeze-up,2021,B,1,0.4520265718886233
AKcorr_6,freeze-up,2025,A,1,0.5254890725370038
AKcorr_6,freeze-up,2025,AC,2,0.6341181091003787
AKcorr_6,freeze-up,2025,C,1,0.488892085988749
AKcorr_6,melt,2019,A,1,0.3402008022068868
AKcorr_6,melt,2019,AB,2,0.3591843629669087
AKcorr_6,melt,2019,B,1,0.2856495567127156
AKcorr_6,melt,2020,A,1,0.2920214624437626
AKcorr_6,melt,2020,AB,2,0.3895060517582533
AKcorr_6,melt,2020,B,1,0.281892845992319
AKcorr_6,melt,2021,A,1,0.264470991706157
AKcorr_6,melt,2021,AB,2,0.3568115990042548
AKcorr_6,melt,2021,B,1,0.27339659791200643
AKcorr_6,melt,2025,A,1,0.26861066236184417
AKcorr_6,melt,2025,AC,2,0.3438561864146882
AKcorr_6,melt,2025,C,1,0.2791749073628677
AKcorr_6,melt,2026,A,1,0.27802379541427635
AKcorr_6,melt,2026,AC,2,0.2541441390648445
AKcorr_6,melt,2026,ACD,3,0.37756973763844687
AKcorr_6,melt,2026,AD,2,0.3449653915131575
AKcorr_6,melt,2026,C,1,0.157066916329807
AKcorr_6,melt,2026,CD,2,0.35630445162305846
AKcorr_6,melt,2026,D,1,0.3223205557976948
AKcorr_6,winter,2019,A,1,0.38652225643704285
AKcorr_6,winter,2019,AB,2,0.45368906668893166
AKcorr_6,winter,2019,B,1,0.24613397023333308
AKcorr_6,winter,2020,A,1,0.4843604127371308
AKcorr_6,winter,2020,AB,2,0.5849357749416146
AKcorr_6,winter,2020,B,1,0.38287003368312034
AKcorr_6,winter,2021,A,1,0.3959861617075501
AKcorr_6,winter,2021,AB,2,0.5180615973442506
AKcorr_6,winter,2021,B,1,0.38577695566932735
AKcorr_6,winter,2025,A,1,0.31204140168659467
AKcorr_6,winter,2025,AC,2,0.31729662326085917
AKcorr_6,winter,2025,C,1,0.10614714526046479
AKcorr_6,winter,2026,A,1,0.43388011436057916
AKcorr_6,winter,2026,AC,2,0.5641827845769647
AKcorr_6,winter,2026,ACD,3,0.5641827845769647
AKcorr_6,winter,2026,AD,2,0.43388011436057916
AKcorr_6,winter,2026,C,1,0.4260949464847442
AKcorr_6,winter,2026,CD,2,0.4260949464847442
AKcorr_6,winter,2026,D,1,0.0
BaffinBay,freeze-up,2019,A,1,0.6290599635433108
BaffinBay,freeze-up,2019,AB,2,0.7947048718755506
BaffinBay,freeze-up,2019,B,1,0.6820002060717275
BaffinBay,freeze-up,2020,A,1,0.6701851431056867
BaffinBay,freeze-up,2020,AB,2,0.8267903492523313
BaffinBay,freeze-up,2020,B,1,0.707190146021793
BaffinBay,freeze-up,2021,A,1,0.674090920716008
BaffinBay,freeze-up,2021,AB,2,0.8131795981680275
BaffinBay,freeze-up,2021,B,1,0.7022315882223721
BaffinBay,freeze-up,2025,A,1,0.7161385953046201
BaffinBay,freeze-up,2025,AC,2,0.8462358326132106
BaffinBay,freeze-up,2025,C,1,0.7213780058750429
BaffinBay,melt,2019,A,1,0.4517491935321617
BaffinBay,melt,2019,AB,2,0.6036593918622526
BaffinBay,melt,2019,B,1,0.4919211057238219
BaffinBay,melt,2020,A,1,0.44900490667660264
BaffinBay,melt,2020,AB,2,0.6055505411311616
BaffinBay,melt,2020,B,1,0.4906493466245947
BaffinBay,melt,2021,A,1,0.49631428365038566
BaffinBay,melt,2021,AB,2,0.6365550688427579
BaffinBay,melt,2021,B,1,0.4998445666962337
BaffinBay,melt,2025,A,1,0.5210315953494834
BaffinBay,melt,2025,AC,2,0.6579632559724967
BaffinBay,melt,2025,C,1,0.5308675476506194
BaffinBay,melt,2026,A,1,0.509598662449326
BaffinBay,melt,2026,AC,2,0.5824693553903786
BaffinBay,melt,2026,ACD,3,0.6976508491553699
BaffinBay,melt,2026,AD,2,0.5701445691122928
BaffinBay,melt,2026,C,1,0.5041907982571328
BaffinBay,melt,2026,CD,2,0.6867852248671976
BaffinBay,melt,2026,D,1,0.556772314953314
BaffinBay,winter,2019,A,1,0.579194156732726
BaffinBay,winter,2019,AB,2,0.7974400817109062
BaffinBay,winter,2019,B,1,0.6768548777063812
BaffinBay,winter,2020,A,1,0.5505584628006058
BaffinBay,winter,2020,AB,2,0.7635558532432165
BaffinBay,winter,2020,B,1,0.646560813211895
BaffinBay,winter,2021,A,1,0.637531084161396
BaffinBay,winter,2021,AB,2,0.7972761851301671
BaffinBay,winter,2021,B,1,0.6277781623309273
BaffinBay,winter,2025,A,1,0.6320073970236951
BaffinBay,winter,2025,AC,2,0.6413833850806622
BaffinBay,winter,2025,C,1,0.6699176501480849
BaffinBay,winter,2026,A,1,0.6419616253970115
BaffinBay,winter,2026,AC,2,0.8113576134153492
BaffinBay,winter,2026,ACD,3,0.8113576134153492
BaffinBay,winter,2026,AD,2,0.6419616253970115
BaffinBay,winter,2026,C,1,0.6658844431541903
BaffinBay,winter,2026,CD,2,0.6658844431541903
BaffinBay,winter,2026,D,1,0.0
Barents_Svalbard,freeze-up,2019,A,1,0.7014929692248231
Barents_Svalbard,freeze-up,2019,AB,2,0.8117290230656963
Barents_Svalbard,freeze-up,2019,B,1,0.690825484678814
Barents_Svalbard,freeze-up,2020,A,1,0.7010407304444342
Barents_Svalbard,freeze-up,2020,AB,2,0.8111755317060264
Barents_Svalbard,freeze-up,2020,B,1,0.6895957116931827
Barents_Svalbard,freeze-up,2021,A,1,0.690711368784126
Barents_Svalbard,freeze-up,2021,AB,2,0.7955015443978829
Barents_Svalbard,freeze-up,2021,B,1,0.681489696894606
Barents_Svalbard,freeze-up,2025,A,1,0.6891925976423546
Barents_Svalbard,freeze-up,2025,AC,2,0.7456904004205411
Barents_Svalbard,freeze-up,2025,C,1,0.4725312800011688
Barents_Svalbard,melt,2019,A,1,0.5237978036501626
Barents_Svalbard,melt,2019,AB,2,0.6255230570958504
Barents_Svalbard,melt,2019,B,1,0.4968420695069821
Barents_Svalbard,melt,2020,A,1,0.5238805206477488
Barents_Svalbard,melt,2020,AB,2,0.627323145658312
Barents_Svalbard,melt,2020,B,1,0.5019876981117704
Barents_Svalbard,melt,2021,A,1,0.523031301636969
Barents_Svalbard,melt,2021,AB,2,0.6235847764170621
Barents_Svalbard,melt,2021,B,1,0.49240950884186113
Barents_Svalbard,melt,2025,A,1,0.4984753609438337
Barents_Svalbard,melt,2025,AC,2,0.5554294606695661
Barents_Svalbard,melt,2025,C,1,0.3452808634662053
Barents_Svalbard,melt,2026,A,1,0.49439146388235006
Barents_Svalbard,melt,2026,AC,2,0.3637626067269417
Barents_Svalbard,melt,2026,ACD,3,0.4988084494316436
Barents_Svalbard,melt,2026,AD,2,0.44154027943314705
Barents_Svalbard,melt,2026,C,1,0.24585771161797323
Barents_Svalbard,melt,2026,CD,2,0.44738078731888653
Barents_Svalbard,melt,2026,D,1,0.38779183631674474
Barents_Svalbard,winter,2019,A,1,0.6385946193080161
Barents_Svalbard,winter,2019,AB,2,0.7704589794669813
Barents_Svalbard,winter,2019,B,1,0.6238354101055725
Barents_Svalbard,winter,2020,A,1,0.6532862844282806
Barents_Svalbard,winter,2020,AB,2,0.787875824560176
Barents_Svalbard,winter,2020,B,1,0.6449213642320217
Barents_Svalbard,winter,2021,A,1,0.6540424045640486
Barents_Svalbard,winter,2021,AB,2,0.7878411560076336
Barents_Svalbard,winter,2021,B,1,0.6476842550965322
Barents_Svalbard,winter,2025,A,1,0.6583520075218895
Barents_Svalbard,winter,2025,AC,2,0.662307085914969
Barents_Svalbard,winter,2025,C,1,0.2581708730400737
Barents_Svalbard,winter,2026,A,1,0.6372090786026057
Barents_Svalbard,winter,2026,AC,2,0.6870304521936399
Barents_Svalbard,winter,2026,ACD,3,0.6870304521936399
Barents_Svalbard,winter,2026,AD,2,0.6372090786026057
Barents_Svalbard,winter,2026,C,1,0.3404614630062939
Barents_Svalbard,winter,2026,CD,2,0.3404614630062939
Barents_Svalbard,winter,2026,D,1,0.0
BeringChukchi,freeze-up,2019,A,1,0.5239801599864167
BeringChukchi,freeze-up,2019,AB,2,0.568663911069443
BeringChukchi,freeze-up,2019,B,1,0.3088936548427286
BeringChukchi,freeze-up,2020,A,1,0.48903988719668173
BeringChukchi,freeze-up,2020,AB,2,0.5416826653586272
BeringChukchi,freeze-up,2020,B,1,0.27688071450758045
BeringChukchi,freeze-up,2021,A,1,0.5220314105507846
BeringChukchi,freeze-up,2021,AB,2,0.5749918087555719
BeringChukchi,freeze-up,2021,B,1,0.3326437569910829
BeringChukchi,freeze-up,2025,A,1,0.5226348443527662
BeringChukchi,freeze-up,2025,AC,2,0.6016344954741801
BeringChukchi,freeze-up,2025,C,1,0.3867641361265447
BeringChukchi,melt,2019,A,1,0.3597914135488902
BeringChukchi,melt,2019,AB,2,0.3925743394414068
BeringChukchi,melt,2019,B,1,0.21816411860902507
BeringChukchi,melt,2020,A,1,0.30971029255552596
BeringChukchi,melt,2020,AB,2,0.3580452878044318
BeringChukchi,melt,2020,B,1,0.22020086378036194
BeringChukchi,melt,2021,A,1,0.32349968975819415
BeringChukchi,melt,2021,AB,2,0.37278840375358824
BeringChukchi,melt,2021,B,1,0.21302035283469212
BeringChukchi,melt,2025,A,1,0.31979968972277845
BeringChukchi,melt,2025,AC,2,0.40857780482585854
BeringChukchi,melt,2025,C,1,0.2588256400030715
BeringChukchi,melt,2026,A,1,0.0
BeringChukchi,melt,2026,AC,2,0.23973647958000951
BeringChukchi,melt,2026,ACD,3,0.38430567930739307
BeringChukchi,melt,2026,AD,2,0.31022135345665036
BeringChukchi,melt,2026,C,1,0.23973647958000951
BeringChukchi,melt,2026,CD,2,0.38430567930739307
BeringChukchi,melt,2026,D,1,0.31022135345665036
BeringChukchi,winter,2019,A,1,0.46769195138995173
BeringChukchi,winter,2019,AB,2,0.5047176010766243
BeringChukchi,winter,2019,B,1,0.2207322590259973
BeringChukchi,winter,2020,A,1,0.4456314063391605
BeringChukchi,winter,2020,AB,2,0.49918235247203524
BeringChukchi,winter,2020,B,1,0.2594706173663362
BeringChukchi,winter,2021,A,1,0.4605793185679045
BeringChukchi,winter,2021,AB,2,0.5049490279874098
BeringChukchi,winter,2021,B,1,0.24804266529097027
BeringChukchi,winter,2025,A,1,0.4453112699030933
BeringChukchi,winter,2025,AC,2,0.44689921032947033
BeringChukchi,winter,2025,C,1,0.019089010875455604
BeringChukchi,winter,2026,A,1,0.4332576378030891
BeringChukchi,winter,2026,AC,2,0.5343139560549043
BeringChukchi,winter,2026,ACD,3,0.5343139560549043
BeringChukchi,winter,2026,AD,2,0.4332576378030891
BeringChukchi,winter,2026,C,1,0.3503153634651742
BeringChukchi,winter,2026,CD,2,0.3503153634651742
BeringChukchi,winter,2026,D,1,0.0
GreenlandSea_Fram,freeze-up,2019,A,1,0.7548524449542876
GreenlandSea_Fram,freeze-up,2019,AB,2,0.8484930406706211
GreenlandSea_Fram,freeze-up,2019,B,1,0.7842400608420734
GreenlandSea_Fram,freeze-up,2020,A,1,0.754253501861547
GreenlandSea_Fram,freeze-up,2020,AB,2,0.8443328516666112
GreenlandSea_Fram,freeze-up,2020,B,1,0.772610117921603
GreenlandSea_Fram,freeze-up,2021,A,1,0.7439832115592838
GreenlandSea_Fram,freeze-up,2021,AB,2,0.8353967160304419
GreenlandSea_Fram,freeze-up,2021,B,1,0.785241364188569
GreenlandSea_Fram,freeze-up,2025,A,1,0.741848288401919
GreenlandSea_Fram,freeze-up,2025,AC,2,0.8165171854109815
GreenlandSea_Fram,freeze-up,2025,C,1,0.6846619950570173
GreenlandSea_Fram,melt,2019,A,1,0.5723387592317575
GreenlandSea_Fram,melt,2019,AB,2,0.6650882685794668
GreenlandSea_Fram,melt,2019,B,1,0.589081804588155
GreenlandSea_Fram,melt,2020,A,1,0.5749995742251547
GreenlandSea_Fram,melt,2020,AB,2,0.6642363550183457
GreenlandSea_Fram,melt,2020,B,1,0.587073026992135
GreenlandSea_Fram,melt,2021,A,1,0.5735146924203722
GreenlandSea_Fram,melt,2021,AB,2,0.6598418036501984
GreenlandSea_Fram,melt,2021,B,1,0.5776078955812111
GreenlandSea_Fram,melt,2025,A,1,0.5699608215506973
GreenlandSea_Fram,melt,2025,AC,2,0.6389069108871204
GreenlandSea_Fram,melt,2025,C,1,0.5292408708859112
GreenlandSea_Fram,melt,2026,A,1,0.5682010541537669
GreenlandSea_Fram,melt,2026,AC,2,0.5516810540904266
GreenlandSea_Fram,melt,2026,ACD,3,0.6282268856797211
GreenlandSea_Fram,melt,2026,AD,2,0.5487580671295167
GreenlandSea_Fram,melt,2026,C,1,0.45775646718494767
GreenlandSea_Fram,melt,2026,CD,2,0.6162455113258853
GreenlandSea_Fram,melt,2026,D,1,0.5329800051158697
GreenlandSea_Fram,winter,2019,A,1,0.7062206150336992
GreenlandSea_Fram,winter,2019,AB,2,0.8147840764395723
GreenlandSea_Fram,winter,2019,B,1,0.7287177588955771
GreenlandSea_Fram,winter,2020,A,1,0.7158856996470495
GreenlandSea_Fram,winter,2020,AB,2,0.8292268413611351
GreenlandSea_Fram,winter,2020,B,1,0.7488458586478297
GreenlandSea_Fram,winter,2021,A,1,0.7109345401986111
GreenlandSea_Fram,winter,2021,AB,2,0.8237482094439479
GreenlandSea_Fram,winter,2021,B,1,0.7447877153131308
GreenlandSea_Fram,winter,2025,A,1,0.7169017438077556
GreenlandSea_Fram,winter,2025,AC,2,0.720258044136535
GreenlandSea_Fram,winter,2025,C,1,0.6676573328970045
GreenlandSea_Fram,winter,2026,A,1,0.6918534039038157
GreenlandSea_Fram,winter,2026,AC,2,0.7875636367261374
GreenlandSea_Fram,winter,2026,ACD,3,0.7875636367261374
GreenlandSea_Fram,winter,2026,AD,2,0.6918534039038157
GreenlandSea_Fram,winter,2026,C,1,0.6485441939607176
GreenlandSea_Fram,winter,2026,CD,2,0.6485441939607176
GreenlandSea_Fram,winter,2026,D,1,0.0
KaraGate,freeze-up,2019,A,1,0.5855503893804279
KaraGate,freeze-up,2019,AB,2,0.7032424377130088
KaraGate,freeze-up,2019,B,1,0.5252716545347957
KaraGate,freeze-up,2020,A,1,0.6321432530337098
KaraGate,freeze-up,2020,AB,2,0.7178520987147775
KaraGate,freeze-up,2020,B,1,0.5035365149565877
KaraGate,freeze-up,2021,A,1,0.6022057875757023
KaraGate,freeze-up,2021,AB,2,0.7002189653702867
KaraGate,freeze-up,2021,B,1,0.5206189402130755
KaraGate,freeze-up,2025,A,1,0.6383174493961049
KaraGate,freeze-up,2025,AC,2,0.6973501699180211
KaraGate,freeze-up,2025,C,1,0.40471935246450147
KaraGate,melt,2019,A,1,0.36591172897606006
KaraGate,melt,2019,AB,2,0.4691669525144808
KaraGate,melt,2019,B,1,0.33025093804994643
KaraGate,melt,2020,A,1,0.3479620712976903
KaraGate,melt,2020,AB,2,0.4819726902519568
KaraGate,melt,2020,B,1,0.37209528554486954
KaraGate,melt,2021,A,1,0.3422030217700451
KaraGate,melt,2021,AB,2,0.4914529789677616
KaraGate,melt,2021,B,1,0.3797987927349877
KaraGate,melt,2025,A,1,0.3563234610473353
KaraGate,melt,2025,AC,2,0.4290520920912467
KaraGate,melt,2025,C,1,0.23592158550135803
KaraGate,melt,2026,A,1,0.32326241153412455
KaraGate,melt,2026,AC,2,0.3019667105819697
KaraGate,melt,2026,ACD,3,0.43543679954257275
KaraGate,melt,2026,AD,2,0.3639126973029465
KaraGate,melt,2026,C,1,0.2239899654527778
KaraGate,melt,2026,CD,2,0.4068282059445089
KaraGate,melt,2026,D,1,0.33084736788945623
KaraGate,winter,2019,A,1,0.5611619869172723
KaraGate,winter,2019,AB,2,0.6440115660626065
KaraGate,winter,2019,B,1,0.3525641384747064
KaraGate,winter,2020,A,1,0.573204278313218
KaraGate,winter,2020,AB,2,0.691013867705117
KaraGate,winter,2020,B,1,0.4650247903572786
KaraGate,winter,2021,A,1,0.5639397075625147
KaraGate,winter,2021,AB,2,0.6828521354542737
KaraGate,winter,2021,B,1,0.4589019575417202
KaraGate,winter,2025,A,1,0.5197835748049652
KaraGate,winter,2025,AC,2,0.5197835748049652
KaraGate,winter,2025,C,1,0.0
KaraGate,winter,2026,A,1,0.5658428894152362
KaraGate,winter,2026,AC,2,0.6385603328508093
KaraGate,winter,2026,ACD,3,0.6385603328508093
KaraGate,winter,2026,AD,2,0.5658428894152362
KaraGate,winter,2026,C,1,0.3488867949050509
KaraGate,winter,2026,CD,2,0.3488867949050509
KaraGate,winter,2026,D,1,0.0
LancasterSound,freeze-up,2019,A,1,0.6482926524865983
LancasterSound,freeze-up,2019,AB,2,0.8008668126319402
LancasterSound,freeze-up,2019,B,1,0.6963832734150366
LancasterSound,freeze-up,2020,A,1,0.6471658653045492
LancasterSound,freeze-up,2020,AB,2,0.8007613797001325
LancasterSound,freeze-up,2020,B,1,0.6968771691044585
LancasterSound,freeze-up,2021,A,1,0.6417281533595277
LancasterSound,freeze-up,2021,AB,2,0.7925302381782167
LancasterSound,freeze-up,2021,B,1,0.7000208873854455
LancasterSound,freeze-up,2025,A,1,0.6508705266262007
LancasterSound,freeze-up,2025,AC,2,0.7969932214818474
LancasterSound,freeze-up,2025,C,1,0.6809272357883073
LancasterSound,melt,2019,A,1,0.4783619442922799
LancasterSound,melt,2019,AB,2,0.6227427295016278
LancasterSound,melt,2019,B,1,0.5290003683204726
LancasterSound,melt,2020,A,1,0.4770949865774107
LancasterSound,melt,2020,AB,2,0.620695842273578
LancasterSound,melt,2020,B,1,0.5251312742336561
LancasterSound,melt,2021,A,1,0.4815888140049381
LancasterSound,melt,2021,AB,2,0.6210534214728121
LancasterSound,melt,2021,B,1,0.523442385793461
LancasterSound,melt,2025,A,1,0.46001069263374944
LancasterSound,melt,2025,AC,2,0.6015790257125426
LancasterSound,melt,2025,C,1,0.5006760527041583
LancasterSound,melt,2026,A,1,0.47343711243190045
LancasterSound,melt,2026,AC,2,0.5265967454654837
LancasterSound,melt,2026,ACD,3,0.6074450149960703
LancasterSound,melt,2026,AD,2,0.4925080878713471
LancasterSound,melt,2026,C,1,0.4516170098083392
LancasterSound,melt,2026,CD,2,0.6013371294606705
LancasterSound,melt,2026,D,1,0.4809646196982025
LancasterSound,winter,2019,A,1,0.5798618249600775
LancasterSound,winter,2019,AB,2,0.769502600259686
LancasterSound,winter,2019,B,1,0.6489363995796207
LancasterSound,winter,2020,A,1,0.5761888006053962
LancasterSound,winter,2020,AB,2,0.7663617032794786
LancasterSound,winter,2020,B,1,0.6463608162603874
LancasterSound,winter,2021,A,1,0.5772991276203842
LancasterSound,winter,2021,AB,2,0.7569919714607278
LancasterSound,winter,2021,B,1,0.6310439616034358
LancasterSound,winter,2025,A,1,0.5744666681079792
LancasterSound,winter,2025,AC,2,0.5836085001358787
LancasterSound,winter,2025,C,1,0.6419673713340063
LancasterSound,winter,2026,A,1,0.5149495162677638
LancasterSound,winter,2026,AC,2,0.706437464356865
LancasterSound,winter,2026,ACD,3,0.706437464356865
LancasterSound,winter,2026,AD,2,0.5149495162677638
LancasterSound,winter,2026,C,1,0.5976400670760923
LancasterSound,winter,2026,CD,2,0.5976400670760923
LancasterSound,winter,2026,D,1,0.0
LongStrait,freeze-up,2019,A,1,0.5019851771743032
LongStrait,freeze-up,2019,AB,2,0.6681657909119757
LongStrait,freeze-up,2019,B,1,0.5478634424962934
LongStrait,freeze-up,2020,A,1,0.3187072794706299
LongStrait,freeze-up,2020,AB,2,0.6172924666434321
LongStrait,freeze-up,2020,B,1,0.5534547807610026
LongStrait,freeze-up,2021,A,1,0.43575982132915114
LongStrait,freeze-up,2021,AB,2,0.6273970779238425
LongStrait,freeze-up,2021,B,1,0.5356089074314847
LongStrait,freeze-up,2025,A,1,0.5122391906657731
LongStrait,freeze-up,2025,AC,2,0.6798985537527499
LongStrait,freeze-up,2025,C,1,0.5496295940507985
LongStrait,melt,2019,A,1,0.32459930586990676
LongStrait,melt,2019,AB,2,0.44158629253300974
LongStrait,melt,2019,B,1,0.3676330536571779
LongStrait,melt,2020,A,1,0.15571718499964557
LongStrait,melt,2020,AB,2,0.4230645310059445
LongStrait,melt,2020,B,1,0.38152224083579256
LongStrait,melt,2021,A,1,0.30699660344893526
LongStrait,melt,2021,AB,2,0.43816701137056613
LongStrait,melt,2021,B,1,0.37609861044053555
LongStrait,melt,2025,A,1,0.29825774745335815
LongStrait,melt,2025,AC,2,0.42997541269495326
LongStrait,melt,2025,C,1,0.36852715335520747
LongStrait,melt,2026,A,1,0.07180344643085751
LongStrait,melt,2026,AC,2,0.35207477239196194
LongStrait,melt,2026,ACD,3,0.4883526966359
LongStrait,melt,2026,AD,2,0.338319496683736
LongStrait,melt,2026,C,1,0.3418336744570441
LongStrait,melt,2026,CD,2,0.4846730358923905
LongStrait,melt,2026,D,1,0.3336546892802861
LongStrait,winter,2019,A,1,0.4683254152355561
LongStrait,winter,2019,AB,2,0.6350403345162594
LongStrait,winter,2019,B,1,0.483967260873712
LongStrait,winter,2020,A,1,0.4346117564208086
LongStrait,winter,2020,AB,2,0.6173119481741731
LongStrait,winter,2020,B,1,0.49291587835194506
LongStrait,winter,2021,A,1,0.33253626208129883
LongStrait,winter,2021,AB,2,0.5778938996176052
LongStrait,winter,2021,B,1,0.49059957065923443
LongStrait,winter,2025,A,1,0.4059828725055198
LongStrait,winter,2025,AC,2,0.4101787036703526
LongStrait,winter,2025,C,1,0.1081267261979276
LongStrait,winter,2026,A,1,0.4160008518787711
LongStrait,winter,2026,AC,2,0.6000981630702712
LongStrait,winter,2026,ACD,3,0.6000981630702712
LongStrait,winter,2026,AD,2,0.4160008518787711
LongStrait,winter,2026,C,1,0.4688382272840098
LongStrait,winter,2026,CD,2,0.4688382272840098
LongStrait,winter,2026,D,1,0.0
Sannikov_DmLaptev,freeze-up,2019,A,1,0.42037896332627805
Sannikov_DmLaptev,freeze-up,2019,AB,2,0.48576642337860937
Sannikov_DmLaptev,freeze-up,2019,B,1,0.3116613720032718
Sannikov_DmLaptev,freeze-up,2020,A,1,0.4140766732198339
Sannikov_DmLaptev,freeze-up,2020,AB,2,0.49822303212613106
Sannikov_DmLaptev,freeze-up,2020,B,1,0.3170150809472237
Sannikov_DmLaptev,freeze-up,2021,A,1,0.45801875454815894
Sannikov_DmLaptev,freeze-up,2021,AB,2,0.5165180694671216
Sannikov_DmLaptev,freeze-up,2021,B,1,0.2825777721731612
Sannikov_DmLaptev,freeze-up,2025,A,1,0.2889036708959842
Sannikov_DmLaptev,freeze-up,2025,AC,2,0.48340698547719363
Sannikov_DmLaptev,freeze-up,2025,C,1,0.3811361178124385
Sannikov_DmLaptev,melt,2019,A,1,0.28232826625741353
Sannikov_DmLaptev,melt,2019,AB,2,0.35010271297204987
Sannikov_DmLaptev,melt,2019,B,1,0.2239266936912794
Sannikov_DmLaptev,melt,2020,A,1,0.3163235788548517
Sannikov_DmLaptev,melt,2020,AB,2,0.3724876923331231
Sannikov_DmLaptev,melt,2020,B,1,0.20600790683045553
Sannikov_DmLaptev,melt,2021,A,1,0.2843315518388657
Sannikov_DmLaptev,melt,2021,AB,2,0.34979894595012656
Sannikov_DmLaptev,melt,2021,B,1,0.20830913619692826
Sannikov_DmLaptev,melt,2025,A,1,0.20367529560634098
Sannikov_DmLaptev,melt,2025,AC,2,0.35717074746573013
Sannikov_DmLaptev,melt,2025,C,1,0.2847113168506198
Sannikov_DmLaptev,melt,2026,A,1,0.0
Sannikov_DmLaptev,melt,2026,AC,2,0.2555360109187713
Sannikov_DmLaptev,melt,2026,ACD,3,0.28102981053562326
Sannikov_DmLaptev,melt,2026,AD,2,0.1308682485276796
Sannikov_DmLaptev,melt,2026,C,1,0.2555360109187713
Sannikov_DmLaptev,melt,2026,CD,2,0.28102981053562326
Sannikov_DmLaptev,melt,2026,D,1,0.1308682485276796
Sannikov_DmLaptev,winter,2019,A,1,0.5115647822709853
Sannikov_DmLaptev,winter,2019,AB,2,0.6092139939507042
Sannikov_DmLaptev,winter,2019,B,1,0.3865601121227303
Sannikov_DmLaptev,winter,2020,A,1,0.406557804616406
Sannikov_DmLaptev,winter,2020,AB,2,0.461060284989946
Sannikov_DmLaptev,winter,2020,B,1,0.23161812756751318
Sannikov_DmLaptev,winter,2021,A,1,0.31900382022994117
Sannikov_DmLaptev,winter,2021,AB,2,0.4066683024173507
Sannikov_DmLaptev,winter,2021,B,1,0.25650397300331496
Sannikov_DmLaptev,winter,2025,A,1,0.3250955000376068
Sannikov_DmLaptev,winter,2025,AC,2,0.3191933624762079
Sannikov_DmLaptev,winter,2025,C,1,0.09391166070305437
Sannikov_DmLaptev,winter,2026,A,1,0.24563307137364046
Sannikov_DmLaptev,winter,2026,AC,2,0.3295933014395408
Sannikov_DmLaptev,winter,2026,ACD,3,0.3295933014395408
Sannikov_DmLaptev,winter,2026,AD,2,0.24563307137364046
Sannikov_DmLaptev,winter,2026,C,1,0.17487834786831527
Sannikov_DmLaptev,winter,2026,CD,2,0.17487834786831527
Sannikov_DmLaptev,winter,2026,D,1,0.0
VictoriaStrait,freeze-up,2019,A,1,0.5446798941356427
VictoriaStrait,freeze-up,2019,AB,2,0.7247156798928868
VictoriaStrait,freeze-up,2019,B,1,0.6225416839873643
VictoriaStrait,freeze-up,2020,A,1,0.5472910820681682
VictoriaStrait,freeze-up,2020,AB,2,0.7282226770781985
VictoriaStrait,freeze-up,2020,B,1,0.6238239875182608
VictoriaStrait,freeze-up,2021,A,1,0.5377643157297557
VictoriaStrait,freeze-up,2021,AB,2,0.7026075799378417
VictoriaStrait,freeze-up,2021,B,1,0.6042203378393011
VictoriaStrait,freeze-up,2025,A,1,0.5386404408601999
VictoriaStrait,freeze-up,2025,AC,2,0.7540114376985633
VictoriaStrait,freeze-up,2025,C,1,0.6630185591778405
VictoriaStrait,melt,2019,A,1,0.3238270397756668
VictoriaStrait,melt,2019,AB,2,0.5212487780972832
VictoriaStrait,melt,2019,B,1,0.46101597833837626
VictoriaStrait,melt,2020,A,1,0.329291763473546
VictoriaStrait,melt,2020,AB,2,0.5211065294805172
VictoriaStrait,melt,2020,B,1,0.45742941721978686
VictoriaStrait,melt,2021,A,1,0.3224846865409931
VictoriaStrait,melt,2021,AB,2,0.5133686746614867
VictoriaStrait,melt,2021,B,1,0.45048770147881617
VictoriaStrait,melt,2025,A,1,0.28049830501725
VictoriaStrait,melt,2025,AC,2,0.5305095623639252
VictoriaStrait,melt,2025,C,1,0.47995987272675084
VictoriaStrait,melt,2026,A,1,0.35472975791520983
VictoriaStrait,melt,2026,AC,2,0.4841648194906741
VictoriaStrait,melt,2026,ACD,3,0.5712462296681753
VictoriaStrait,melt,2026,AD,2,0.4160456658206435
VictoriaStrait,melt,2026,C,1,0.42929752040549796
VictoriaStrait,melt,2026,CD,2,0.5683532918069345
VictoriaStrait,melt,2026,D,1,0.4114533756343657
VictoriaStrait,winter,2019,A,1,0.4882100414244782
VictoriaStrait,winter,2019,AB,2,0.69672394398543
VictoriaStrait,winter,2019,B,1,0.5742434710253703
VictoriaStrait,winter,2020,A,1,0.48864106172229643
VictoriaStrait,winter,2020,AB,2,0.6896600300283459
VictoriaStrait,winter,2020,B,1,0.56695643331022
VictoriaStrait,winter,2021,A,1,0.4840963452645191
VictoriaStrait,winter,2021,AB,2,0.6769222162857071
VictoriaStrait,winter,2021,B,1,0.5493528729995263
VictoriaStrait,winter,2025,A,1,0.4441340404059156
VictoriaStrait,winter,2025,AC,2,0.45038628297945127
VictoriaStrait,winter,2025,C,1,0.04298673849442778
VictoriaStrait,winter,2026,A,1,0.43874832307461437
VictoriaStrait,winter,2026,AC,2,0.6742087370714308
VictoriaStrait,winter,2026,ACD,3,0.6742087370714308
VictoriaStrait,winter,2026,AD,2,0.43874832307461437
VictoriaStrait,winter,2026,C,1,0.5684958937285466
VictoriaStrait,winter,2026,CD,2,0.5684958937285466
VictoriaStrait,winter,2026,D,1,0.0
Vilkitsky,freeze-up,2019,A,1,0.2626926699878362
Vilkitsky,freeze-up,2019,AB,2,0.34182691722250175
Vilkitsky,freeze-up,2019,B,1,0.19053088338028126
Vilkitsky,freeze-up,2020,A,1,0.3980708483687896
Vilkitsky,freeze-up,2020,AB,2,0.5361989287098418
Vilkitsky,freeze-up,2020,B,1,0.4322311483686616
Vilkitsky,freeze-up,2021,A,1,0.43395729539528416
Vilkitsky,freeze-up,2021,AB,2,0.5119770398791363
Vilkitsky,freeze-up,2021,B,1,0.37198301572884757
Vilkitsky,freeze-up,2025,A,1,0.48153256601191735
Vilkitsky,freeze-up,2025,AC,2,0.5720096444132103
Vilkitsky,freeze-up,2025,C,1,0.3990247335072609
Vilkitsky,melt,2019,A,1,0.10454066904937032
Vilkitsky,melt,2019,AB,2,0.20364636854330753
Vilkitsky,melt,2019,B,1,0.20255783211082015
Vilkitsky,melt,2020,A,1,0.3487312347591987
Vilkitsky,melt,2020,AB,2,0.3848350473268847
Vilkitsky,melt,2020,B,1,0.17498252631492528
Vilkitsky,melt,2021,A,1,0.27166864798112444
Vilkitsky,melt,2021,AB,2,0.35818787062821267
Vilkitsky,melt,2021,B,1,0.24502439311612995
Vilkitsky,melt,2025,A,1,0.27953266847017333
Vilkitsky,melt,2025,AC,2,0.37180628458677084
Vilkitsky,melt,2025,C,1,0.2510288967267472
Vilkitsky,melt,2026,A,1,0.3168874730652906
Vilkitsky,melt,2026,AC,2,0.3104350842237657
Vilkitsky,melt,2026,ACD,3,0.42253859042794983
Vilkitsky,melt,2026,AD,2,0.35238227693486546
Vilkitsky,melt,2026,C,1,0.2597951410005732
Vilkitsky,melt,2026,CD,2,0.3851157759813058
Vilkitsky,melt,2026,D,1,0.3020473988454173
Vilkitsky,winter,2019,A,1,0.46624723669044676
Vilkitsky,winter,2019,AB,2,0.5251267821821332
Vilkitsky,winter,2019,B,1,0.2735463858822678
Vilkitsky,winter,2020,A,1,0.1808057044366601
Vilkitsky,winter,2020,AB,2,0.3507102796481119
Vilkitsky,winter,2020,B,1,0.27832363972235474
Vilkitsky,winter,2021,A,1,0.41663586043817896
Vilkitsky,winter,2021,AB,2,0.5244630036164117
Vilkitsky,winter,2021,B,1,0.39841605467503277
Vilkitsky,winter,2025,A,1,0.3778246815421495
Vilkitsky,winter,2025,AC,2,0.3826003318044932
Vilkitsky,winter,2025,C,1,0.0
Vilkitsky,winter,2026,A,1,0.3770104437672567
Vilkitsky,winter,2026,AC,2,0.479731026008494
Vilkitsky,winter,2026,ACD,3,0.479731026008494
Vilkitsky,winter,2026,AD,2,0.3770104437672567
Vilkitsky,winter,2026,C,1,0.33626636031820956
Vilkitsky,winter,2026,CD,2,0.33626636031820956
Vilkitsky,winter,2026,D,1,0.0
