year,season,days_avail,days_total,mean_frac,region,availability
2019,freeze-up,3,92,0.005372670807453417,KaraGate,0.03260869565217391
2019,melt,0,122,0.0,KaraGate,0.0
2019,winter,5,90,0.008476190476190477,KaraGate,0.05555555555555555
2020,freeze-up,0,92,0.0,KaraGate,0.0
2020,melt,0,122,0.0,KaraGate,0.0
2020,winter,10,91,0.023987441130298274,KaraGate,0.10989010989010989
2021,freeze-up,1,92,0.0015838509316770187,KaraGate,0.010869565217391304
2021,melt,1,122,0.001053864168618267,KaraGate,0.00819672131147541
2021,winter,27,90,0.07882539682539683,KaraGate,0.3
2022,freeze-up,0,92,0.0,KaraGate,0.0
2022,melt,0,122,0.0,KaraGate,0.0
2022,winter,0,90,0.00028571428571428574,KaraGate,0.0
2023,freeze-up,0,92,0.0,KaraGate,0.0
2023,melt,0,122,0.0,KaraGate,0.0
2023,winter,0,90,0.0,KaraGate,0.0
2024,freeze-up,0,92,0.0,KaraGate,0.0
2024,melt,0,122,0.0,KaraGate,0.0
2024,winter,0,91,0.0,KaraGate,0.0
2025,freeze-up,0,32,0.0,KaraGate,0.0
2025,melt,0,122,0.0,KaraGate,0.0
2025,winter,0,90,0.0,KaraGate,0.0
2019,freeze-up,0,92,0.0,Vilkitsky,0.0
2019,melt,0,122,0.0,Vilkitsky,0.0
2019,winter,2,90,0.007996632996632997,Vilkitsky,0.022222222222222223
2020,freeze-up,2,92,0.00497364953886693,Vilkitsky,0.021739130434782608
2020,melt,2,122,0.0020864381520119225,Vilkitsky,0.01639344262295082
2020,winter,0,91,0.0,Vilkitsky,0.0
2021,freeze-up,4,92,0.010951910408432148,Vilkitsky,0.043478260869565216
2021,melt,0,122,0.0,Vilkitsky,0.0
2021,winter,11,90,0.039696969696969696,Vilkitsky,0.12222222222222222
2022,freeze-up,1,92,0.002388010540184453,Vilkitsky,0.010869565217391304
2022,melt,0,122,0.0,Vilkitsky,0.0
2022,winter,2,90,0.002053872053872054,Vilkitsky,0.022222222222222223
2023,freeze-up,0,92,0.0,Vilkitsky,0.0
2023,melt,0,122,0.0,Vilkitsky,0.0
2023,winter,0,90,0.0,Vilkitsky,0.0
2024,freeze-up,0,92,0.0,Vilkitsky,0.0
2024,melt,0,122,0.0,Vilkitsky,0.0
2024,winter,0,91,0.0,Vilkitsky,0.0
2025,freeze-up,0,32,0.0,Vilkitsky,0.0
2025,melt,3,122,0.006408345752608047,Vilkitsky,0.02459016393442623
2025,winter,0,90,0.0,Vilkitsky,0.0
2019,freeze-up,7,92,0.025733695652173916,Sannikov_DmLaptev,0.07608695652173914
2019,melt,1,122,0.001877049180327869,Sannikov_DmLaptev,0.00819672131147541
2019,winter,32,90,0.11251666666666667,Sannikov_DmLaptev,0.35555555555555557
2020,freeze-up,1,92,0.0017065217391304347,Sannikov_DmLaptev,0.010869565217391304
2020,melt,2,122,0.0056803278688524585,Sannikov_DmLaptev,0.01639344262295082
2020,winter,8,91,0.032104395604395604,Sannikov_DmLaptev,0.08791208791208792
2021,freeze-up,5,92,0.008684782608695653,Sannikov_DmLaptev,0.05434782608695652
2021,melt,0,122,0.0003811475409836066,Sannikov_DmLaptev,0.0
2021,winter,3,90,0.006716666666666667,Sannikov_DmLaptev,0.03333333333333333
2022,freeze-up,0,92,0.0,Sannikov_DmLaptev,0.0
2022,melt,0,122,4.508196721311475e-05,Sannikov_DmLaptev,0.0
2022,winter,5,90,0.006683333333333334,Sannikov_DmLaptev,0.05555555555555555
2023,freeze-up,1,92,0.0006956521739130435,Sannikov_DmLaptev,0.010869565217391304
2023,melt,0,122,0.0,Sannikov_DmLaptev,0.0
2023,winter,4,90,0.005716666666666666,Sannikov_DmLaptev,0.044444444444444446
2024,freeze-up,6,92,0.0070543478260869565,Sannikov_DmLaptev,0.06521739130434782
2024,melt,0,122,0.0,Sannikov_DmLaptev,0.0
2024,winter,0,91,0.0,Sannikov_DmLaptev,0.0
2025,freeze-up,0,32,0.0,Sannikov_DmLaptev,0.0
2025,melt,0,122,0.0002459016393442623,Sannikov_DmLaptev,0.0
2025,winter,7,90,0.010466666666666668,Sannikov_DmLaptev,0.07777777777777778
2019,freeze-up,9,92,0.013579710144927537,LongStrait,0.09782608695652174
2019,melt,0,122,0.000546448087431694,LongStrait,0.0
2019,winter,27,90,0.09262222222222223,LongStrait,0.3
2020,freeze-up,0,92,0.00026086956521739134,LongStrait,0.0
2020,melt,0,122,0.00012021857923497267,LongStrait,0.0
2020,winter,25,91,0.07283516483516483,LongStrait,0.27472527472527475
2021,freeze-up,12,92,0.024434782608695648,LongStrait,0.13043478260869565
2021,melt,2,122,0.002273224043715847,LongStrait,0.01639344262295082
2021,winter,20,90,0.06007407407407407,LongStrait,0.2222222222222222
2022,freeze-up,0,92,0.000536231884057971,LongStrait,0.0
2022,melt,0,122,0.0,LongStrait,0.0
2022,winter,0,90,0.0017333333333333333,LongStrait,0.0
2023,freeze-up,0,92,0.0002173913043478261,LongStrait,0.0
2023,melt,0,122,0.0,LongStrait,0.0
2023,winter,2,90,0.0030222222222222226,LongStrait,0.022222222222222223
2024,freeze-up,0,92,5.797101449275362e-05,LongStrait,0.0
2024,melt,0,122,0.0,LongStrait,0.0
2024,winter,0,91,0.0007619047619047618,LongStrait,0.0
2025,freeze-up,2,32,0.012208333333333335,LongStrait,0.0625
2025,melt,2,122,0.0018360655737704916,LongStrait,0.01639344262295082
2025,winter,2,90,0.006637037037037037,LongStrait,0.022222222222222223
2019,freeze-up,0,92,0.0008022774327122153,BeringChukchi,0.0
2019,melt,0,122,0.0,BeringChukchi,0.0
2019,winter,14,90,0.018465608465608466,BeringChukchi,0.15555555555555556
2020,freeze-up,1,92,0.0017339544513457555,BeringChukchi,0.010869565217391304
2020,melt,0,122,0.0,BeringChukchi,0.0
2020,winter,19,91,0.029058084772370485,BeringChukchi,0.2087912087912088
2021,freeze-up,9,92,0.009767080745341616,BeringChukchi,0.09782608695652174
2021,melt,0,122,0.0,BeringChukchi,0.0
2021,winter,19,90,0.028021164021164023,BeringChukchi,0.2111111111111111
2022,freeze-up,0,92,0.0,BeringChukchi,0.0
2022,melt,0,122,0.0,BeringChukchi,0.0
2022,winter,0,90,0.0,BeringChukchi,0.0
2023,freeze-up,0,92,0.0,BeringChukchi,0.0
2023,melt,0,122,0.0,BeringChukchi,0.0
2023,winter,0,90,0.0,BeringChukchi,0.0
2024,freeze-up,0,92,0.0,BeringChukchi,0.0
2024,melt,0,122,0.0,BeringChukchi,0.0
2024,winter,0,91,0.0,BeringChukchi,0.0
2025,freeze-up,0,32,0.0,BeringChukchi,0.0
2025,melt,0,122,0.000273224043715847,BeringChukchi,0.0
2025,winter,2,90,0.0018571428571428571,BeringChukchi,0.022222222222222223
2019,freeze-up,2,92,0.004149456521739131,Barents_Svalbard,0.021739130434782608
2019,melt,2,122,0.006241803278688525,Barents_Svalbard,0.01639344262295082
2019,winter,9,90,0.022836111111111113,Barents_Svalbard,0.1
2020,freeze-up,0,92,0.0005040760869565217,Barents_Svalbard,0.0
2020,melt,0,122,0.0007838114754098361,Barents_Svalbard,0.0
2020,winter,55,91,0.09436263736263736,Barents_Svalbard,0.6043956043956044
2021,freeze-up,4,92,0.008600543478260869,Barents_Svalbard,0.043478260869565216
2021,melt,0,122,0.0010727459016393443,Barents_Svalbard,0.0
2021,winter,22,90,0.025193055555555555,Barents_Svalbard,0.24444444444444444
2022,freeze-up,0,92,4.6195652173913046e-05,Barents_Svalbard,0.0
2022,melt,0,122,0.0,Barents_Svalbard,0.0
2022,winter,5,90,0.017119444444444444,Barents_Svalbard,0.05555555555555555
2023,freeze-up,0,92,0.0005054347826086958,Barents_Svalbard,0.0
2023,melt,0,122,0.0,Barents_Svalbard,0.0
2023,winter,1,90,0.002416666666666667,Barents_Svalbard,0.011111111111111112
2024,freeze-up,0,92,0.00013858695652173915,Barents_Svalbard,0.0
2024,melt,0,122,0.00012192622950819672,Barents_Svalbard,0.0
2024,winter,5,91,0.013342032967032968,Barents_Svalbard,0.054945054945054944
2025,freeze-up,0,32,0.0006171875,Barents_Svalbard,0.0
2025,melt,0,122,0.0002868852459016393,Barents_Svalbard,0.0
2025,winter,0,90,0.0022319444444444444,Barents_Svalbard,0.0
2019,freeze-up,91,92,0.27919384057971014,GreenlandSea_Fram,0.9891304347826086
2019,melt,25,122,0.02329644808743169,GreenlandSea_Fram,0.20491803278688525
2019,winter,60,90,0.12407777777777777,GreenlandSea_Fram,0.6666666666666666
2020,freeze-up,73,92,0.15682971014492753,GreenlandSea_Fram,0.7934782608695652
2020,melt,12,122,0.012280054644808743,GreenlandSea_Fram,0.09836065573770492
2020,winter,75,91,0.19042857142857145,GreenlandSea_Fram,0.8241758241758241
2021,freeze-up,48,92,0.06785688405797101,GreenlandSea_Fram,0.5217391304347826
2021,melt,0,122,0.001248633879781421,GreenlandSea_Fram,0.0
2021,winter,78,90,0.15607037037037036,GreenlandSea_Fram,0.8666666666666667
2022,freeze-up,40,92,0.06292753623188406,GreenlandSea_Fram,0.43478260869565216
2022,melt,0,122,0.004140710382513661,GreenlandSea_Fram,0.0
2022,winter,43,90,0.0671574074074074,GreenlandSea_Fram,0.4777777777777778
2023,freeze-up,60,92,0.12207608695652174,GreenlandSea_Fram,0.6521739130434783
2023,melt,2,122,0.006756830601092896,GreenlandSea_Fram,0.01639344262295082
2023,winter,22,90,0.03405,GreenlandSea_Fram,0.24444444444444444
2024,freeze-up,13,92,0.022144927536231884,GreenlandSea_Fram,0.14130434782608695
2024,melt,1,122,0.002830601092896175,GreenlandSea_Fram,0.00819672131147541
2024,winter,47,91,0.0803058608058608,GreenlandSea_Fram,0.5164835164835165
2025,freeze-up,8,32,0.050104166666666665,GreenlandSea_Fram,0.25
2025,melt,0,122,0.002924863387978142,GreenlandSea_Fram,0.0
2025,winter,31,90,0.046735185185185185,GreenlandSea_Fram,0.34444444444444444
2019,freeze-up,17,92,0.05846956521739131,BaffinBay,0.18478260869565216
2019,melt,10,122,0.01682950819672131,BaffinBay,0.08196721311475409
2019,winter,78,90,0.4556888888888889,BaffinBay,0.8666666666666667
2020,freeze-up,34,92,0.11071304347826086,BaffinBay,0.3695652173913043
2020,melt,5,122,0.011593442622950818,BaffinBay,0.040983606557377046
2020,winter,79,91,0.3616087912087912,BaffinBay,0.8681318681318682
2021,freeze-up,38,92,0.11882608695652175,BaffinBay,0.41304347826086957
2021,melt,20,122,0.0487016393442623,BaffinBay,0.16393442622950818
2021,winter,84,90,0.5462822222222222,BaffinBay,0.9333333333333333
2022,freeze-up,6,92,0.012619565217391304,BaffinBay,0.06521739130434782
2022,melt,7,122,0.009052459016393443,BaffinBay,0.05737704918032787
2022,winter,34,90,0.14227333333333333,BaffinBay,0.37777777777777777
2023,freeze-up,4,92,0.006315217391304347,BaffinBay,0.043478260869565216
2023,melt,5,122,0.006152459016393443,BaffinBay,0.040983606557377046
2023,winter,23,90,0.11071777777777779,BaffinBay,0.25555555555555554
2024,freeze-up,10,92,0.024891304347826087,BaffinBay,0.10869565217391304
2024,melt,11,122,0.013336065573770492,BaffinBay,0.09016393442622951
2024,winter,28,91,0.11138461538461537,BaffinBay,0.3076923076923077
2025,freeze-up,0,32,0.00744375,BaffinBay,0.0
2025,melt,14,122,0.03366065573770492,BaffinBay,0.11475409836065574
2025,winter,33,90,0.15074,BaffinBay,0.36666666666666664
2019,freeze-up,24,92,0.036833333333333336,LancasterSound,0.2608695652173913
2019,melt,11,122,0.012153005464480874,LancasterSound,0.09016393442622951
2019,winter,63,90,0.14016296296296296,LancasterSound,0.7
2020,freeze-up,37,92,0.06031159420289855,LancasterSound,0.40217391304347827
2020,melt,0,122,0.00011475409836065574,LancasterSound,0.0
2020,winter,75,91,0.15443223443223442,LancasterSound,0.8241758241758241
2021,freeze-up,22,92,0.03639855072463768,LancasterSound,0.2391304347826087
2021,melt,0,122,0.000546448087431694,LancasterSound,0.0
2021,winter,82,90,0.1797037037037037,LancasterSound,0.9111111111111111
2022,freeze-up,2,92,0.004615942028985507,LancasterSound,0.021739130434782608
2022,melt,0,122,0.0,LancasterSound,0.0
2022,winter,4,90,0.005703703703703703,LancasterSound,0.044444444444444446
2023,freeze-up,2,92,0.0026521739130434784,LancasterSound,0.021739130434782608
2023,melt,0,122,0.0,LancasterSound,0.0
2023,winter,6,90,0.007681481481481482,LancasterSound,0.06666666666666667
2024,freeze-up,1,92,0.0020869565217391307,LancasterSound,0.010869565217391304
2024,melt,0,122,0.0,LancasterSound,0.0
2024,winter,7,91,0.006989010989010989,LancasterSound,0.07692307692307693
2025,freeze-up,0,32,0.0,LancasterSound,0.0
2025,melt,0,122,0.0012950819672131147,LancasterSound,0.0
2025,winter,7,90,0.010814814814814815,LancasterSound,0.07777777777777778
2019,freeze-up,51,92,0.09225120772946861,VictoriaStrait,0.5543478260869565
2019,melt,8,122,0.014218579234972677,VictoriaStrait,0.06557377049180328
2019,winter,47,90,0.10234567901234567,VictoriaStrait,0.5222222222222223
2020,freeze-up,39,92,0.0783768115942029,VictoriaStrait,0.42391304347826086
2020,melt,14,122,0.024367941712204008,VictoriaStrait,0.11475409836065574
2020,winter,65,91,0.1429255189255189,VictoriaStrait,0.7142857142857143
2021,freeze-up,25,92,0.047497584541062794,VictoriaStrait,0.2717391304347826
2021,melt,12,122,0.017264116575591987,VictoriaStrait,0.09836065573770492
2021,winter,67,90,0.13621234567901233,VictoriaStrait,0.7444444444444445
2022,freeze-up,0,92,0.0,VictoriaStrait,0.0
2022,melt,0,122,0.0,VictoriaStrait,0.0
2022,winter,0,90,0.0,VictoriaStrait,0.0
2023,freeze-up,0,92,0.0,VictoriaStrait,0.0
2023,melt,0,122,0.0,VictoriaStrait,0.0
2023,winter,0,90,0.0,VictoriaStrait,0.0
2024,freeze-up,0,92,0.0,VictoriaStrait,0.0
2024,melt,0,122,0.0,VictoriaStrait,0.0
2024,winter,0,91,0.0,VictoriaStrait,0.0
2025,freeze-up,0,32,0.0015694444444444445,VictoriaStrait,0.0
2025,melt,12,122,0.014826958105646632,VictoriaStrait,0.09836065573770492
2025,winter,1,90,0.0012493827160493828,VictoriaStrait,0.011111111111111112
2019,freeze-up,0,92,0.0,AKcorr_1,0.0
2019,melt,0,122,0.0,AKcorr_1,0.0
2019,winter,1,90,0.0019404572036150983,AKcorr_1,0.011111111111111112
2020,freeze-up,0,92,0.0,AKcorr_1,0.0
2020,melt,0,122,0.0,AKcorr_1,0.0
2020,winter,4,91,0.006125453493874546,AKcorr_1,0.04395604395604396
2021,freeze-up,1,92,0.0021843145412939464,AKcorr_1,0.010869565217391304
2021,melt,0,122,0.0,AKcorr_1,0.0
2021,winter,2,90,0.0043859649122807015,AKcorr_1,0.022222222222222223
2022,freeze-up,0,92,0.0,AKcorr_1,0.0
2022,melt,0,122,0.0,AKcorr_1,0.0
2022,winter,0,90,0.0,AKcorr_1,0.0
2023,freeze-up,0,92,0.0,AKcorr_1,0.0
2023,melt,0,122,0.0,AKcorr_1,0.0
2023,winter,0,90,0.0,AKcorr_1,0.0
2024,freeze-up,0,92,0.0,AKcorr_1,0.0
2024,melt,0,122,0.0,AKcorr_1,0.0
2024,winter,0,91,0.0,AKcorr_1,0.0
2025,freeze-up,0,32,0.0,AKcorr_1,0.0
2025,melt,0,122,0.0,AKcorr_1,0.0
2025,winter,2,90,0.0032429558745348214,AKcorr_1,0.022222222222222223
2019,freeze-up,0,92,0.0,AKcorr_2,0.0
2019,melt,0,122,0.0,AKcorr_2,0.0
2019,winter,1,90,0.0037333333333333337,AKcorr_2,0.011111111111111112
2020,freeze-up,0,92,0.0,AKcorr_2,0.0
2020,melt,0,122,0.0,AKcorr_2,0.0
2020,winter,14,91,0.02232967032967033,AKcorr_2,0.15384615384615385
2021,freeze-up,5,92,0.006086956521739131,AKcorr_2,0.05434782608695652
2021,melt,0,122,0.0,AKcorr_2,0.0
2021,winter,6,90,0.010133333333333334,AKcorr_2,0.06666666666666667
2022,freeze-up,0,92,0.0,AKcorr_2,0.0
2022,melt,0,122,0.0,AKcorr_2,0.0
2022,winter,0,90,0.0,AKcorr_2,0.0
2023,freeze-up,0,92,0.0,AKcorr_2,0.0
2023,melt,0,122,0.0,AKcorr_2,0.0
2023,winter,0,90,0.0,AKcorr_2,0.0
2024,freeze-up,0,92,0.0,AKcorr_2,0.0
2024,melt,0,122,0.0,AKcorr_2,0.0
2024,winter,0,91,0.0,AKcorr_2,0.0
2025,freeze-up,0,32,0.0,AKcorr_2,0.0
2025,melt,0,122,1.639344262295082e-05,AKcorr_2,0.0
2025,winter,2,90,0.002088888888888889,AKcorr_2,0.022222222222222223
2019,freeze-up,0,92,0.00019409937888198756,AKcorr_3,0.0
2019,melt,0,122,0.0,AKcorr_3,0.0
2019,winter,4,90,0.006706349206349206,AKcorr_3,0.044444444444444446
2020,freeze-up,0,92,0.0,AKcorr_3,0.0
2020,melt,0,122,0.0,AKcorr_3,0.0
2020,winter,10,91,0.018190737833594976,AKcorr_3,0.10989010989010989
2021,freeze-up,1,92,0.0060753105590062115,AKcorr_3,0.010869565217391304
2021,melt,0,122,0.0,AKcorr_3,0.0
2021,winter,8,90,0.015119047619047619,AKcorr_3,0.08888888888888889
2022,freeze-up,0,92,0.0,AKcorr_3,0.0
2022,melt,0,122,0.0,AKcorr_3,0.0
2022,winter,0,90,0.0,AKcorr_3,0.0
2023,freeze-up,0,92,0.0,AKcorr_3,0.0
2023,melt,0,122,0.0,AKcorr_3,0.0
2023,winter,0,90,0.0,AKcorr_3,0.0
2024,freeze-up,0,92,0.0,AKcorr_3,0.0
2024,melt,0,122,0.0,AKcorr_3,0.0
2024,winter,0,91,0.0,AKcorr_3,0.0
2025,freeze-up,0,32,0.0,AKcorr_3,0.0
2025,melt,0,122,7.318501170960187e-05,AKcorr_3,0.0
2025,winter,0,90,0.0,AKcorr_3,0.0
2019,freeze-up,1,92,0.0006093544137022398,AKcorr_4,0.010869565217391304
2019,melt,0,122,0.0,AKcorr_4,0.0
2019,winter,5,90,0.009696969696969697,AKcorr_4,0.05555555555555555
2020,freeze-up,0,92,9.881422924901186e-05,AKcorr_4,0.0
2020,melt,0,122,0.0,AKcorr_4,0.0
2020,winter,5,91,0.009124209124209125,AKcorr_4,0.054945054945054944
2021,freeze-up,1,92,0.00485836627140975,AKcorr_4,0.010869565217391304
2021,melt,0,122,0.0,AKcorr_4,0.0
2021,winter,9,90,0.019646464646464645,AKcorr_4,0.1
2022,freeze-up,0,92,0.0,AKcorr_4,0.0
2022,melt,0,122,0.0,AKcorr_4,0.0
2022,winter,0,90,3.367003367003367e-05,AKcorr_4,0.0
2023,freeze-up,0,92,0.0,AKcorr_4,0.0
2023,melt,0,122,0.0,AKcorr_4,0.0
2023,winter,0,90,3.367003367003367e-05,AKcorr_4,0.0
2024,freeze-up,0,92,1.646903820816864e-05,AKcorr_4,0.0
2024,melt,0,122,0.0,AKcorr_4,0.0
2024,winter,0,91,1.665001665001665e-05,AKcorr_4,0.0
2025,freeze-up,0,32,0.0,AKcorr_4,0.0
2025,melt,0,122,0.00016145057128663686,AKcorr_4,0.0
2025,winter,0,90,3.367003367003367e-05,AKcorr_4,0.0
2019,freeze-up,2,92,0.006897477187332261,AKcorr_5,0.021739130434782608
2019,melt,0,122,0.0,AKcorr_5,0.0
2019,winter,2,90,0.003607681755829904,AKcorr_5,0.022222222222222223
2020,freeze-up,0,92,0.00032206119162640903,AKcorr_5,0.0
2020,melt,0,122,0.0,AKcorr_5,0.0
2020,winter,10,91,0.03405236738570072,AKcorr_5,0.10989010989010989
2021,freeze-up,2,92,0.010990338164251207,AKcorr_5,0.021739130434782608
2021,melt,0,122,0.0,AKcorr_5,0.0
2021,winter,10,90,0.030919067215363513,AKcorr_5,0.1111111111111111
2022,freeze-up,0,92,8.051529790660226e-05,AKcorr_5,0.0
2022,melt,0,122,0.0,AKcorr_5,0.0
2022,winter,2,90,0.0027160493827160493,AKcorr_5,0.022222222222222223
2023,freeze-up,0,92,0.00034889962426194304,AKcorr_5,0.0
2023,melt,0,122,0.0,AKcorr_5,0.0
2023,winter,3,90,0.0026474622770919064,AKcorr_5,0.03333333333333333
2024,freeze-up,0,92,0.00024154589371980678,AKcorr_5,0.0
2024,melt,0,122,0.0,AKcorr_5,0.0
2024,winter,4,91,0.003378103378103378,AKcorr_5,0.04395604395604396
2025,freeze-up,0,32,3.8580246913580246e-05,AKcorr_5,0.0
2025,melt,0,122,0.0,AKcorr_5,0.0
2025,winter,4,90,0.003374485596707819,AKcorr_5,0.044444444444444446
2019,freeze-up,6,92,0.019490895577852097,AKcorr_6,0.06521739130434782
2019,melt,0,122,0.0,AKcorr_6,0.0
2019,winter,6,90,0.011832858499525166,AKcorr_6,0.06666666666666667
2020,freeze-up,1,92,0.0014678558156819026,AKcorr_6,0.010869565217391304
2020,melt,0,122,0.0,AKcorr_6,0.0
2020,winter,31,91,0.0989010989010989,AKcorr_6,0.34065934065934067
2021,freeze-up,8,92,0.02545522110739502,AKcorr_6,0.08695652173913043
2021,melt,0,122,0.0,AKcorr_6,0.0
2021,winter,14,90,0.054188034188034195,AKcorr_6,0.15555555555555556
2022,freeze-up,0,92,1.858045336306206e-05,AKcorr_6,0.0
2022,melt,0,122,0.0,AKcorr_6,0.0
2022,winter,0,90,0.0004368471035137702,AKcorr_6,0.0
2023,freeze-up,0,92,0.0001858045336306206,AKcorr_6,0.0
2023,melt,0,122,0.0,AKcorr_6,0.0
2023,winter,0,90,0.0007217473884140552,AKcorr_6,0.0
2024,freeze-up,0,92,1.858045336306206e-05,AKcorr_6,0.0
2024,melt,0,122,0.0,AKcorr_6,0.0
2024,winter,0,91,0.0004508312200619893,AKcorr_6,0.0
2025,freeze-up,0,32,0.0009081196581196581,AKcorr_6,0.0
2025,melt,0,122,0.0,AKcorr_6,0.0
2025,winter,0,90,0.0007407407407407407,AKcorr_6,0.0
