region,class,period,year,O24,O12,n_acq
AKcorr_1,intermediate,during,2022,0.0,0.0,56.0
AKcorr_1,intermediate,during,2023,0.0,0.0,51.0
AKcorr_1,intermediate,during,2024,0.0,0.0,63.0
AKcorr_1,intermediate,post,2025,0.0,0.0,84.0
AKcorr_1,intermediate,post,2026,0.0,0.0,48.0
AKcorr_1,intermediate,pre,2019,0.0,0.0,74.0
AKcorr_1,intermediate,pre,2020,0.0,0.0,71.0
AKcorr_1,intermediate,pre,2021,0.0,0.0,73.0
AKcorr_2,intermediate,during,2022,0.0,0.0,56.0
AKcorr_2,intermediate,during,2023,0.0,0.0,51.0
AKcorr_2,intermediate,during,2024,0.0,0.0,64.0
AKcorr_2,intermediate,post,2025,0.0,0.0,84.0
AKcorr_2,intermediate,post,2026,0.0,0.0,48.0
AKcorr_2,intermediate,pre,2019,0.0,0.0,75.0
AKcorr_2,intermediate,pre,2020,0.0,0.0,66.0
AKcorr_2,intermediate,pre,2021,0.0,0.0,67.0
AKcorr_3,intermediate,during,2022,0.0,0.0,81.0
AKcorr_3,intermediate,during,2023,0.0,0.0,91.0
AKcorr_3,intermediate,during,2024,0.0,0.0,84.0
AKcorr_3,intermediate,post,2025,0.09825526315789473,0.0,152.0
AKcorr_3,intermediate,post,2026,0.09000408663487677,0.0023859975934756453,86.0
AKcorr_3,intermediate,pre,2019,0.0784953947368421,0.0,124.0
AKcorr_3,intermediate,pre,2020,0.11552622950819673,0.0014478688524590163,120.0
AKcorr_3,intermediate,pre,2021,0.12430065789473682,0.0,133.0
AKcorr_4,intermediate,during,2022,0.0,0.0,81.0
AKcorr_4,intermediate,during,2023,0.0,0.0,91.0
AKcorr_4,intermediate,during,2024,0.0,0.0,84.0
AKcorr_4,intermediate,post,2025,0.0832625,0.001450657894736842,140.0
AKcorr_4,intermediate,post,2026,0.06382102589241945,0.0,69.0
AKcorr_4,intermediate,pre,2019,0.09014671052631579,0.0014526315789473684,126.0
AKcorr_4,intermediate,pre,2020,0.11555639344262295,0.0014478688524590163,120.0
AKcorr_4,intermediate,pre,2021,0.12433026315789474,0.0,133.0
AKcorr_5,intermediate,during,2022,0.0,0.0,36.0
AKcorr_5,intermediate,during,2023,0.0,0.0,41.0
AKcorr_5,intermediate,during,2024,0.0,0.0,41.0
AKcorr_5,intermediate,post,2025,0.05076052631578947,0.011530263157894738,73.0
AKcorr_5,intermediate,post,2026,0.07060303489460315,0.03277939747760595,67.0
AKcorr_5,intermediate,pre,2019,0.04432697368421053,0.0014526315789473684,52.0
AKcorr_5,intermediate,pre,2020,0.055387540983606556,0.0,65.0
AKcorr_5,intermediate,pre,2021,0.058846710526315786,0.0,61.0
AKcorr_6,lost,during,2022,0.0,0.0,35.0
AKcorr_6,lost,during,2023,0.0,0.0,40.0
AKcorr_6,lost,during,2024,0.0,0.0,40.0
AKcorr_6,lost,post,2025,0.06802960526315789,0.028839473684210526,89.0
AKcorr_6,lost,post,2026,0.07122253219840458,0.028108204465439636,68.0
AKcorr_6,lost,pre,2019,0.05906644736842105,0.02310460526315789,74.0
AKcorr_6,lost,pre,2020,0.07982918032786886,0.024441639344262297,89.0
AKcorr_6,lost,pre,2021,0.07760592105263159,0.018728947368421053,76.0
BaffinBay,intermediate,during,2022,0.042013815789473684,0.0,166.0
BaffinBay,intermediate,during,2023,0.034690789473684217,0.0,161.0
BaffinBay,intermediate,during,2024,0.04004918032786885,0.0,185.0
BaffinBay,intermediate,post,2025,0.5741960526315789,0.16661710526315787,362.0
BaffinBay,intermediate,post,2026,0.8015488346182986,0.24488655020277197,295.0
BaffinBay,intermediate,pre,2019,0.46681052631578945,0.09744276315789473,317.0
BaffinBay,intermediate,pre,2020,0.5211849180327869,0.11732360655737706,333.0
BaffinBay,intermediate,pre,2021,0.6547513157894737,0.11496578947368423,357.0
Barents_Svalbard,lost,during,2022,0.0,0.0,156.0
Barents_Svalbard,lost,during,2023,0.0,0.0,163.0
Barents_Svalbard,lost,during,2024,0.0,0.0,164.0
Barents_Svalbard,lost,post,2025,0.16029210526315787,0.0,185.0
Barents_Svalbard,lost,post,2026,0.053284339765586705,0.00010373902580328893,90.0
Barents_Svalbard,lost,pre,2019,0.8486184210526316,0.008189473684210526,348.0
Barents_Svalbard,lost,pre,2020,0.9213504918032787,0.007511147540983607,363.0
Barents_Svalbard,lost,pre,2021,0.868545394736842,0.007086842105263158,350.0
BeringChukchi,intermediate,during,2022,0.0,0.0,74.0
BeringChukchi,intermediate,during,2023,0.0,0.0,70.0
BeringChukchi,intermediate,during,2024,0.0,0.0,81.0
BeringChukchi,intermediate,post,2025,0.01291907894736842,0.01291907894736842,102.0
BeringChukchi,intermediate,post,2026,0.032679397477605954,0.032679397477605954,63.0
BeringChukchi,intermediate,pre,2019,0.006541447368421052,0.0,96.0
BeringChukchi,intermediate,pre,2020,0.0,0.0,82.0
BeringChukchi,intermediate,pre,2021,0.0,0.0,88.0
GreenlandSea_Fram,lost,during,2022,0.2147967105263158,0.0,246.0
GreenlandSea_Fram,lost,during,2023,0.22420263157894735,0.0,248.0
GreenlandSea_Fram,lost,during,2024,0.22981311475409835,0.0,250.0
GreenlandSea_Fram,lost,post,2025,0.7374980263157894,0.0125375,385.0
GreenlandSea_Fram,lost,post,2026,0.8822417799367174,0.011732697535540798,262.0
GreenlandSea_Fram,lost,pre,2019,0.9717914473684209,0.07006447368421052,531.0
GreenlandSea_Fram,lost,pre,2020,0.9773134426229508,0.0754272131147541,533.0
GreenlandSea_Fram,lost,pre,2021,0.9603394736842106,0.060500000000000005,516.0
KaraGate,lost,during,2022,0.0,0.0,76.0
KaraGate,lost,during,2023,0.0,0.0,68.0
KaraGate,lost,during,2024,0.0,0.0,77.0
KaraGate,lost,post,2025,0.09489013157894736,0.0,123.0
KaraGate,lost,post,2026,0.14376263202460002,0.00010373902580328893,88.0
KaraGate,lost,pre,2019,0.2779993421052631,0.0,156.0
KaraGate,lost,pre,2020,0.3292573770491803,0.0,177.0
KaraGate,lost,pre,2021,0.3074098684210526,0.0,172.0
LancasterSound,lost,during,2022,0.0,0.0,136.0
LancasterSound,lost,during,2023,0.0,0.0,137.0
LancasterSound,lost,during,2024,0.0,0.0,143.0
LancasterSound,lost,post,2025,0.5523651315789474,0.003059868421052632,264.0
LancasterSound,lost,post,2026,0.6111297161192567,0.00782895850973751,189.0
LancasterSound,lost,pre,2019,0.7833486842105263,0.013857894736842106,326.0
LancasterSound,lost,pre,2020,0.8035747540983607,0.014044262295081968,332.0
LancasterSound,lost,pre,2021,0.7575651315789473,0.005269078947368421,313.0
LongStrait,lost,during,2022,0.0,0.0,38.0
LongStrait,lost,during,2023,0.0,0.0,38.0
LongStrait,lost,during,2024,0.0,0.0,36.0
LongStrait,lost,post,2025,0.0752,0.0,95.0
LongStrait,lost,post,2026,0.05313239449173315,0.0,79.0
LongStrait,lost,pre,2019,0.12429473684210525,0.0,115.0
LongStrait,lost,pre,2020,0.04564918032786885,0.0,93.0
LongStrait,lost,pre,2021,0.07198815789473684,0.0,99.0
Sannikov_DmLaptev,lost,during,2022,0.0,0.0,35.0
Sannikov_DmLaptev,lost,during,2023,0.0,0.0,24.0
Sannikov_DmLaptev,lost,during,2024,0.0,0.0,34.0
Sannikov_DmLaptev,lost,post,2025,0.003250657894736842,0.0,73.0
Sannikov_DmLaptev,lost,post,2026,0.010633250144837115,0.0,33.0
Sannikov_DmLaptev,lost,pre,2019,0.10141710526315789,0.0,121.0
Sannikov_DmLaptev,lost,pre,2020,0.03586459016393442,0.0,94.0
Sannikov_DmLaptev,lost,pre,2021,0.003290789473684211,0.0,85.0
VictoriaStrait,lost,during,2022,0.0,0.0,57.0
VictoriaStrait,lost,during,2023,0.0,0.0,64.0
VictoriaStrait,lost,during,2024,0.0,0.0,64.0
VictoriaStrait,lost,post,2025,0.2050703947368421,0.015864473684210526,160.0
VictoriaStrait,lost,post,2026,0.30794087971834755,0.0212673024644592,129.0
VictoriaStrait,lost,pre,2019,0.3565381578947368,0.0,190.0
VictoriaStrait,lost,pre,2020,0.3651826229508197,0.0,194.0
VictoriaStrait,lost,pre,2021,0.3107875,0.0,179.0
Vilkitsky,lost,during,2022,0.0031677631578947364,0.0,52.0
Vilkitsky,lost,during,2023,0.0,0.0,37.0
Vilkitsky,lost,during,2024,0.0,0.0,48.0
Vilkitsky,lost,post,2025,0.03369868421052631,0.0009868421052631581,104.0
Vilkitsky,lost,post,2026,0.06564755559516913,0.002314956103213156,80.0
Vilkitsky,lost,pre,2019,0.03857434210526316,0.0,79.0
Vilkitsky,lost,pre,2020,0.05250295081967213,0.0008124590163934426,101.0
Vilkitsky,lost,pre,2021,0.08627302631578947,0.001819736842105263,120.0
